-- phpMyAdmin SQL Dump
-- version 5.2.1
-- https://www.phpmyadmin.net/
--
-- Host: 127.0.0.1
-- Generation Time: Mar 17, 2025 at 02:34 AM
-- Server version: 10.4.32-MariaDB
-- PHP Version: 8.2.12

SET SQL_MODE = "NO_AUTO_VALUE_ON_ZERO";
START TRANSACTION;
SET time_zone = "+00:00";


/*!40101 SET @OLD_CHARACTER_SET_CLIENT=@@CHARACTER_SET_CLIENT */;
/*!40101 SET @OLD_CHARACTER_SET_RESULTS=@@CHARACTER_SET_RESULTS */;
/*!40101 SET @OLD_COLLATION_CONNECTION=@@COLLATION_CONNECTION */;
/*!40101 SET NAMES utf8mb4 */;

--
-- Database: `db3a`
--

-- --------------------------------------------------------

--
-- Table structure for table `cache`
--

CREATE TABLE `cache` (
  `key` varchar(255) NOT NULL,
  `value` mediumtext NOT NULL,
  `expiration` int(11) NOT NULL
) ENGINE=InnoDB DEFAULT CHARSET=utf8mb4 COLLATE=utf8mb4_unicode_ci;

-- --------------------------------------------------------

--
-- Table structure for table `cache_locks`
--

CREATE TABLE `cache_locks` (
  `key` varchar(255) NOT NULL,
  `owner` varchar(255) NOT NULL,
  `expiration` int(11) NOT NULL
) ENGINE=InnoDB DEFAULT CHARSET=utf8mb4 COLLATE=utf8mb4_unicode_ci;

-- --------------------------------------------------------

--
-- Table structure for table `categories`
--

CREATE TABLE `categories` (
  `id` bigint(20) UNSIGNED NOT NULL,
  `catname` varchar(255) NOT NULL,
  `status` tinyint(1) NOT NULL DEFAULT 0,
  `created_at` timestamp NULL DEFAULT NULL,
  `updated_at` timestamp NULL DEFAULT NULL
) ENGINE=InnoDB DEFAULT CHARSET=utf8mb4 COLLATE=utf8mb4_unicode_ci;

--
-- Dumping data for table `categories`
--

INSERT INTO `categories` (`id`, `catname`, `status`, `created_at`, `updated_at`) VALUES
(1, 'tv', 1, '2024-12-25 05:43:55', '2024-12-25 05:43:55');

-- --------------------------------------------------------

--
-- Table structure for table `customerpayment`
--

CREATE TABLE `customerpayment` (
  `id` bigint(20) UNSIGNED NOT NULL,
  `layaway_id` bigint(20) UNSIGNED NOT NULL,
  `amount` decimal(8,2) NOT NULL,
  `balance` decimal(8,2) NOT NULL,
  `created_at` timestamp NULL DEFAULT NULL,
  `updated_at` timestamp NULL DEFAULT NULL
) ENGINE=InnoDB DEFAULT CHARSET=utf8mb4 COLLATE=utf8mb4_unicode_ci;

--
-- Dumping data for table `customerpayment`
--

INSERT INTO `customerpayment` (`id`, `layaway_id`, `amount`, `balance`, `created_at`, `updated_at`) VALUES
(7, 2, 300.00, 4700.00, '2025-02-03 08:42:30', '2025-02-03 08:42:30'),
(8, 2, 700.00, 4000.00, '2025-02-03 08:42:44', '2025-02-03 08:42:44'),
(9, 2, 4000.00, 0.00, '2025-02-03 08:46:32', '2025-02-03 08:46:32'),
(10, 3, 900.00, 4100.00, '2025-02-03 08:51:38', '2025-02-03 08:51:38'),
(11, 3, 100.00, 4000.00, '2025-02-03 08:52:26', '2025-02-03 08:52:26'),
(12, 4, 300.00, 4200.00, '2025-02-03 08:55:02', '2025-02-05 08:51:54'),
(13, 3, 0.00, 4000.00, '2025-02-03 08:59:44', '2025-02-03 08:59:44'),
(14, 4, 0.00, 4200.00, '2025-02-03 09:00:16', '2025-02-05 08:51:55'),
(15, 3, 0.00, 4000.00, '2025-02-03 09:01:11', '2025-02-03 09:01:11'),
(16, 3, 0.00, 4000.00, '2025-02-03 09:03:21', '2025-02-03 09:03:21'),
(17, 3, 1.00, 3999.00, '2025-02-03 09:03:33', '2025-02-03 09:03:33'),
(18, 3, 0.00, 3999.00, '2025-02-03 09:05:27', '2025-02-03 09:05:27'),
(19, 4, 0.00, 4200.00, '2025-02-03 09:17:49', '2025-02-05 08:51:55'),
(20, 3, 0.00, 3999.00, '2025-02-03 09:24:43', '2025-02-03 09:24:43'),
(21, 3, 0.00, 3999.00, '2025-02-03 09:28:24', '2025-02-03 09:28:24'),
(22, 3, 999.00, 3000.00, '2025-02-03 09:30:45', '2025-02-03 09:30:45'),
(23, 3, 3000.00, 0.00, '2025-02-03 09:32:05', '2025-02-03 09:32:05'),
(39, 16, 4500.00, 450.00, '2025-02-03 14:47:55', '2025-02-05 06:56:29'),
(40, 16, 50.00, 400.00, '2025-02-03 14:48:09', '2025-02-05 06:56:29'),
(41, 16, 250.00, 150.00, '2025-02-03 14:48:54', '2025-02-05 06:56:29'),
(42, 16, 50.00, 100.00, '2025-02-05 05:42:19', '2025-02-05 06:56:29'),
(43, 16, 25.00, 75.00, '2025-02-05 06:54:31', '2025-02-05 06:56:29'),
(44, 16, 75.00, 0.00, '2025-02-05 06:57:26', '2025-02-05 06:57:26'),
(45, 4, 0.00, 4200.00, '2025-02-05 08:51:23', '2025-02-05 08:51:55'),
(46, 4, 700.00, 3500.00, '2025-02-05 08:51:33', '2025-02-05 08:51:55'),
(47, 17, 1.00, 212.00, '2025-02-28 09:46:12', '2025-02-28 09:46:12'),
(48, 18, 1.00, 122.00, '2025-02-28 09:46:29', '2025-02-28 09:46:29'),
(49, 19, 32.00, 91.00, '2025-02-28 09:47:55', '2025-02-28 09:47:55');

-- --------------------------------------------------------

--
-- Table structure for table `customerstorage`
--

CREATE TABLE `customerstorage` (
  `id` bigint(20) UNSIGNED NOT NULL,
  `account` varchar(255) NOT NULL,
  `layaway_id` bigint(20) UNSIGNED NOT NULL,
  `customername` varchar(255) NOT NULL,
  `sellingprice` decimal(8,2) NOT NULL,
  `downpayment` decimal(8,2) NOT NULL,
  `balance` decimal(8,2) NOT NULL,
  `status` tinyint(1) NOT NULL DEFAULT 0,
  `created_at` timestamp NULL DEFAULT NULL,
  `updated_at` timestamp NULL DEFAULT NULL
) ENGINE=InnoDB DEFAULT CHARSET=utf8mb4 COLLATE=utf8mb4_unicode_ci;

--
-- Dumping data for table `customerstorage`
--

INSERT INTO `customerstorage` (`id`, `account`, `layaway_id`, `customername`, `sellingprice`, `downpayment`, `balance`, `status`, `created_at`, `updated_at`) VALUES
(2, 'aj', 2, 'Aj Ladjamatli', 5000.00, 5000.00, 0.00, 5, '2025-02-03 08:42:29', '2025-03-05 04:44:11'),
(3, 'aj', 3, 'Aj Ladjamatli', 5000.00, 5000.00, 0.00, 3, '2025-02-03 08:51:37', '2025-02-03 09:32:05'),
(4, 'aj', 4, 'Aj Ladjamatli', 4500.00, 1000.00, 3500.00, 2, '2025-02-03 08:55:02', '2025-02-05 08:51:54'),
(16, 'aj', 16, 'Aj Ladjamatli', 4950.00, 4950.00, 0.00, 3, '2025-02-03 14:47:55', '2025-02-05 06:57:26'),
(17, 'Gang', 17, '123', 213.00, 1.00, 212.00, 1, '2025-02-28 09:46:12', '2025-02-28 09:46:12'),
(18, 'Gang', 18, '123', 123.00, 1.00, 122.00, 1, '2025-02-28 09:46:29', '2025-02-28 09:46:29'),
(19, 'Gang', 19, '123', 123.00, 32.00, 91.00, 1, '2025-02-28 09:47:55', '2025-02-28 09:47:55');

-- --------------------------------------------------------

--
-- Table structure for table `customer_layaway_info`
--

CREATE TABLE `customer_layaway_info` (
  `id` bigint(20) UNSIGNED NOT NULL,
  `customer_number` bigint(20) UNSIGNED NOT NULL,
  `fullname` varchar(255) NOT NULL,
  `customer_cn` varchar(255) NOT NULL,
  `layaway_info` varchar(255) NOT NULL,
  `sellingprice` decimal(8,2) NOT NULL,
  `downpayment` decimal(8,2) NOT NULL,
  `plan` tinyint(1) NOT NULL DEFAULT 0,
  `description` varchar(255) NOT NULL,
  `created_at` timestamp NULL DEFAULT NULL,
  `updated_at` timestamp NULL DEFAULT NULL
) ENGINE=InnoDB DEFAULT CHARSET=utf8mb4 COLLATE=utf8mb4_unicode_ci;

--
-- Dumping data for table `customer_layaway_info`
--

INSERT INTO `customer_layaway_info` (`id`, `customer_number`, `fullname`, `customer_cn`, `layaway_info`, `sellingprice`, `downpayment`, `plan`, `description`, `created_at`, `updated_at`) VALUES
(2, 2, 'Aj Ladjamatli', '09651797310', 'BR20', 5000.00, 5000.00, 1, 'none', '2025-02-03 08:42:29', '2025-02-03 08:46:32'),
(3, 1, 'Aj Ladjamatli', '09651797310', 'BR20', 5000.00, 5000.00, 3, 'none', '2025-02-03 08:51:37', '2025-02-03 09:32:05'),
(4, 4, 'Aj Ladjamatli', '09651797310', 'BR20', 4500.00, 1000.00, 4, 'sad', '2025-02-03 08:55:02', '2025-02-05 08:51:54'),
(16, 5, 'Aj Ladjamatli', '09651797310', 'BR20 2 months only from', 4950.00, 4950.00, 2, 'BR20', '2025-02-03 14:47:55', '2025-02-05 06:57:26'),
(17, 123, '123', '123', 'asd', 213.00, 1.00, 1, '123', '2025-02-28 09:46:12', '2025-02-28 09:46:12'),
(18, 23, '123', '123', '123', 123.00, 1.00, 1, '123', '2025-02-28 09:46:29', '2025-02-28 09:46:29'),
(19, 4324, '123', '123', '123', 123.00, 32.00, 1, '123', '2025-02-28 09:47:55', '2025-02-28 09:47:55');

-- --------------------------------------------------------

--
-- Table structure for table `editlayawaycode`
--

CREATE TABLE `editlayawaycode` (
  `id` bigint(20) UNSIGNED NOT NULL,
  `layaway_code` varchar(255) NOT NULL,
  `Iseen` tinyint(1) NOT NULL DEFAULT 0,
  `created_at` timestamp NULL DEFAULT NULL,
  `updated_at` timestamp NULL DEFAULT NULL
) ENGINE=InnoDB DEFAULT CHARSET=utf8mb4 COLLATE=utf8mb4_unicode_ci;

--
-- Dumping data for table `editlayawaycode`
--

INSERT INTO `editlayawaycode` (`id`, `layaway_code`, `Iseen`, `created_at`, `updated_at`) VALUES
(4, 'ELDZ3K', 0, '2025-02-28 10:11:34', '2025-02-28 10:17:10');

-- --------------------------------------------------------

--
-- Table structure for table `expenses`
--

CREATE TABLE `expenses` (
  `id` bigint(20) UNSIGNED NOT NULL,
  `account` varchar(255) NOT NULL,
  `description` varchar(255) NOT NULL,
  `total_expenses` decimal(8,2) NOT NULL,
  `created_at` timestamp NULL DEFAULT NULL,
  `updated_at` timestamp NULL DEFAULT NULL
) ENGINE=InnoDB DEFAULT CHARSET=utf8mb4 COLLATE=utf8mb4_unicode_ci;

--
-- Dumping data for table `expenses`
--

INSERT INTO `expenses` (`id`, `account`, `description`, `total_expenses`, `created_at`, `updated_at`) VALUES
(1, 'Gang', 'asd', 45.00, '2025-01-03 18:10:55', '2025-01-03 18:10:55'),
(2, 'Gang', 'asd', 55.00, '2025-01-04 02:30:03', '2025-01-04 02:30:03'),
(3, 'Gang', 'maam joy = 200\r\ngang = 400 \r\nista = 350', 950.00, '2025-01-04 02:39:42', '2025-01-04 02:39:42'),
(4, 'Gang', 'Sample expenses', 500.00, '2025-01-04 05:24:00', '2025-01-04 05:24:00'),
(5, 'aj', 'Gang', 150.00, '2025-01-04 12:40:31', '2025-01-04 12:40:31'),
(6, 'aj', 'Gangsta', 250.00, '2025-01-04 12:41:06', '2025-01-04 12:41:06'),
(7, 'aj', 'Gangs', 150.00, '2025-01-04 12:41:31', '2025-01-04 12:41:31'),
(8, 'Gang', 'Gang', 2500.00, '2025-01-05 05:30:23', '2025-01-05 05:30:23'),
(9, 'Gang', 'Gang Meryenda', 5000.00, '2025-01-05 06:26:12', '2025-01-05 06:26:12'),
(10, 'Gang', 'Gang Layaway ring 100 down payment 1000 selling price 900 balance good 15 days', 100.00, '2025-01-05 06:43:52', '2025-01-05 06:43:52'),
(11, 'Gang', 'Gang Layaway ring code R001 100 down payment 1000 selling price 900 balance good 15 days', 100.00, '2025-01-05 06:45:09', '2025-01-05 06:45:09'),
(12, 'Gang', 'sad', 3432.00, '2025-01-05 13:53:29', '2025-01-05 13:53:29'),
(13, 'aj', 'Gang 200', 200.00, '2025-01-06 11:21:46', '2025-01-06 11:21:46'),
(14, 'Gang', 'adasd', 5.00, '2025-01-17 12:27:35', '2025-01-17 12:27:35'),
(15, 'Gang', 'asdsad', 222.00, '2025-01-17 12:34:56', '2025-01-17 12:34:56'),
(16, 'aj', 'gaang', 124.00, '2025-01-19 02:21:55', '2025-01-19 02:21:55'),
(17, 'Gang', '213', 2.00, '2025-01-19 02:22:13', '2025-01-19 02:22:13'),
(18, 'aj', '324234', 56.00, '2025-01-19 02:41:39', '2025-01-19 02:41:39'),
(19, 'Gang', 'Gang - 500\r\nAj - 250', 750.00, '2025-01-20 14:26:56', '2025-01-20 14:26:56');

-- --------------------------------------------------------

--
-- Table structure for table `failed_jobs`
--

CREATE TABLE `failed_jobs` (
  `id` bigint(20) UNSIGNED NOT NULL,
  `uuid` varchar(255) NOT NULL,
  `connection` text NOT NULL,
  `queue` text NOT NULL,
  `payload` longtext NOT NULL,
  `exception` longtext NOT NULL,
  `failed_at` timestamp NOT NULL DEFAULT current_timestamp()
) ENGINE=InnoDB DEFAULT CHARSET=utf8mb4 COLLATE=utf8mb4_unicode_ci;

-- --------------------------------------------------------

--
-- Table structure for table `gold`
--

CREATE TABLE `gold` (
  `id` bigint(20) UNSIGNED NOT NULL,
  `gold_type` varchar(255) NOT NULL,
  `gold_cost` double NOT NULL,
  `gold_price` double NOT NULL,
  `status` tinyint(1) NOT NULL DEFAULT 0,
  `created_at` timestamp NULL DEFAULT NULL,
  `updated_at` timestamp NULL DEFAULT NULL
) ENGINE=InnoDB DEFAULT CHARSET=utf8mb4 COLLATE=utf8mb4_unicode_ci;

--
-- Dumping data for table `gold`
--

INSERT INTO `gold` (`id`, `gold_type`, `gold_cost`, `gold_price`, `status`, `created_at`, `updated_at`) VALUES
(3, '21k', 4950, 5500, 1, '2025-02-01 10:19:22', '2025-02-01 10:19:22'),
(4, '18k', 4450, 5000, 1, '2025-02-01 10:19:40', '2025-02-01 10:19:40'),
(5, '22k', 4650, 6000, 1, '2025-02-01 10:19:59', '2025-02-01 10:19:59');

-- --------------------------------------------------------

--
-- Table structure for table `jobs`
--

CREATE TABLE `jobs` (
  `id` bigint(20) UNSIGNED NOT NULL,
  `queue` varchar(255) NOT NULL,
  `payload` longtext NOT NULL,
  `attempts` tinyint(3) UNSIGNED NOT NULL,
  `reserved_at` int(10) UNSIGNED DEFAULT NULL,
  `available_at` int(10) UNSIGNED NOT NULL,
  `created_at` int(10) UNSIGNED NOT NULL
) ENGINE=InnoDB DEFAULT CHARSET=utf8mb4 COLLATE=utf8mb4_unicode_ci;

-- --------------------------------------------------------

--
-- Table structure for table `job_batches`
--

CREATE TABLE `job_batches` (
  `id` varchar(255) NOT NULL,
  `name` varchar(255) NOT NULL,
  `total_jobs` int(11) NOT NULL,
  `pending_jobs` int(11) NOT NULL,
  `failed_jobs` int(11) NOT NULL,
  `failed_job_ids` longtext NOT NULL,
  `options` mediumtext DEFAULT NULL,
  `cancelled_at` int(11) DEFAULT NULL,
  `created_at` int(11) NOT NULL,
  `finished_at` int(11) DEFAULT NULL
) ENGINE=InnoDB DEFAULT CHARSET=utf8mb4 COLLATE=utf8mb4_unicode_ci;

-- --------------------------------------------------------

--
-- Table structure for table `layaway`
--

CREATE TABLE `layaway` (
  `id` bigint(20) UNSIGNED NOT NULL,
  `layaway_id` bigint(11) UNSIGNED NOT NULL,
  `account` varchar(255) NOT NULL,
  `customername` varchar(255) NOT NULL,
  `sellingprice` decimal(10,0) NOT NULL,
  `downpayment` decimal(8,2) NOT NULL,
  `balance` decimal(10,0) NOT NULL,
  `created_at` timestamp NULL DEFAULT NULL,
  `updated_at` timestamp NULL DEFAULT NULL
) ENGINE=InnoDB DEFAULT CHARSET=utf8mb4 COLLATE=utf8mb4_unicode_ci;

--
-- Dumping data for table `layaway`
--

INSERT INTO `layaway` (`id`, `layaway_id`, `account`, `customername`, `sellingprice`, `downpayment`, `balance`, `created_at`, `updated_at`) VALUES
(3, 0, 'Gang', 'aj', 0, 43543.00, 0, '2025-01-17 11:33:12', '2025-01-17 11:33:12'),
(4, 0, 'Gang', 'fsdfdszxczzc', 0, 4.00, 0, '2025-01-17 11:33:38', '2025-01-17 11:35:07'),
(5, 0, 'Gang', 'gfgfdgss', 0, 33.00, 0, '2025-01-17 11:35:21', '2025-01-17 11:35:33'),
(6, 0, 'Gang', 'sdfsdf', 0, 123.00, 0, '2025-01-19 01:53:31', '2025-01-19 01:53:31'),
(7, 0, 'aj', '12312', 0, 333.00, 0, '2025-01-19 02:21:42', '2025-01-19 02:41:16'),
(8, 0, 'Gang', 'sfdsff', 0, 8888.00, 0, '2025-01-19 02:22:37', '2025-01-19 02:42:25'),
(9, 0, 'Gang', 'zxc', 0, 4000.00, 0, '2025-01-20 14:28:37', '2025-01-26 10:45:28');

-- --------------------------------------------------------

--
-- Table structure for table `migrations`
--

CREATE TABLE `migrations` (
  `id` int(10) UNSIGNED NOT NULL,
  `migration` varchar(255) NOT NULL,
  `batch` int(11) NOT NULL
) ENGINE=InnoDB DEFAULT CHARSET=utf8mb4 COLLATE=utf8mb4_unicode_ci;

--
-- Dumping data for table `migrations`
--

INSERT INTO `migrations` (`id`, `migration`, `batch`) VALUES
(4, '2024_12_25_094538_create_categories_table', 2),
(15, '0001_01_01_000000_create_users_table', 3),
(16, '0001_01_01_000001_create_cache_table', 3),
(17, '0001_01_01_000002_create_jobs_table', 3),
(18, '2024_12_25_130640_create_suppliers_table', 3),
(19, '2024_12_26_043701_create_products_table', 3),
(20, '2025_01_01_043942_create_sales_table', 4),
(21, '2025_01_01_045834_create_productsales_table', 5),
(23, '2025_01_03_133843_create_expenses_table', 6),
(25, '2025_01_05_124226_create_producthistory_table', 7),
(26, '2025_01_06_170809_create_layaway_table', 8),
(28, '2025_01_18_190125_create_gold_table', 9),
(35, '2025_02_03_095542_create_customer_layaway_info_table', 10),
(36, '2025_02_03_101651_create_customerstorage_table', 10),
(37, '2025_02_03_153337_create_customerpayment_table', 11),
(39, '2025_02_27_173034_create_editlayawaycode_table', 12);

-- --------------------------------------------------------

--
-- Table structure for table `password_reset_tokens`
--

CREATE TABLE `password_reset_tokens` (
  `email` varchar(255) NOT NULL,
  `token` varchar(255) NOT NULL,
  `created_at` timestamp NULL DEFAULT NULL
) ENGINE=InnoDB DEFAULT CHARSET=utf8mb4 COLLATE=utf8mb4_unicode_ci;

-- --------------------------------------------------------

--
-- Table structure for table `producthistory`
--

CREATE TABLE `producthistory` (
  `id` bigint(20) UNSIGNED NOT NULL,
  `product_id` bigint(20) UNSIGNED NOT NULL,
  `supplier_id` bigint(20) UNSIGNED NOT NULL,
  `gold_type` varchar(225) DEFAULT NULL,
  `productcode` varchar(255) NOT NULL,
  `productname` varchar(255) NOT NULL,
  `quantity` double NOT NULL,
  `cost_per_gram` double NOT NULL,
  `price_per_gram` double NOT NULL,
  `grams` double NOT NULL,
  `cost` double NOT NULL,
  `price` double NOT NULL,
  `created_at` timestamp NULL DEFAULT NULL,
  `updated_at` timestamp NULL DEFAULT NULL
) ENGINE=InnoDB DEFAULT CHARSET=utf8mb4 COLLATE=utf8mb4_unicode_ci;

-- --------------------------------------------------------

--
-- Table structure for table `products`
--

CREATE TABLE `products` (
  `id` bigint(20) UNSIGNED NOT NULL,
  `supplier_id` bigint(20) UNSIGNED NOT NULL,
  `gold_type` varchar(225) DEFAULT NULL,
  `productcode` varchar(255) NOT NULL,
  `productname` varchar(255) NOT NULL,
  `quantity` double NOT NULL,
  `cost_per_gram` double NOT NULL,
  `price_per_gram` double NOT NULL,
  `grams` double NOT NULL,
  `cost` double NOT NULL,
  `price` double NOT NULL,
  `created_at` timestamp NULL DEFAULT NULL,
  `updated_at` timestamp NULL DEFAULT NULL
) ENGINE=InnoDB DEFAULT CHARSET=utf8mb4 COLLATE=utf8mb4_unicode_ci;

--
-- Dumping data for table `products`
--

INSERT INTO `products` (`id`, `supplier_id`, `gold_type`, `productcode`, `productname`, `quantity`, `cost_per_gram`, `price_per_gram`, `grams`, `cost`, `price`, `created_at`, `updated_at`) VALUES
(29, 8, '21k', 'R001', 'Ring 21k', 1, 4900, 5500, 1.9, 9310, 10450, '2025-01-10 14:03:00', '2025-01-10 14:03:00'),
(30, 8, '21k', 'R002', 'Ring 21k', 0, 4900, 5500, 1.8, 8820, 9900, '2025-01-10 14:06:33', '2025-02-02 14:19:07'),
(31, 8, '21k', 'R003', 'Ring 21k', 0, 4900, 5500, 1.7, 8330, 9350, '2025-01-10 14:08:00', '2025-02-02 14:19:07'),
(32, 8, '21k', 'R004', 'Ring 21k', 1, 4900, 5500, 1.6, 7840, 8800, '2025-01-10 14:09:30', '2025-01-10 14:09:30'),
(33, 8, '21k', 'R005', 'Ring 21k', 1, 4900, 5500, 1.9, 9310, 10450, '2025-01-10 14:10:51', '2025-01-10 14:10:51'),
(34, 8, '21k', 'R006', 'Ring 21k', 1, 4900, 5500, 1.9, 9310, 10450, '2025-01-10 14:12:55', '2025-01-10 14:12:55'),
(35, 8, '21k', 'R007', 'Ring21K', 0, 4900, 5500, 2.2, 10780, 12100, '2025-01-10 14:13:57', '2025-01-20 14:41:44'),
(36, 8, '21k', 'R008', 'Ring 21k', 1, 4900, 5500, 1.6, 7840, 8800, '2025-01-10 14:15:07', '2025-01-10 14:15:07'),
(37, 8, '21k', 'R009', 'Ring 21k', 1, 4900, 5500, 2.6, 12740, 14300, '2025-01-10 14:17:10', '2025-01-10 14:17:10'),
(38, 8, '21k', 'R010', 'Ring21k', 1, 4900, 5500, 2, 9800, 11000, '2025-01-10 14:18:14', '2025-01-10 14:18:14'),
(39, 8, '21k', 'R011', 'Ring21k', 1, 4900, 5500, 1.4, 6860, 7700, '2025-01-10 14:19:57', '2025-01-10 14:19:57'),
(40, 8, '21k', 'R012', 'Ring 21k', 1, 4900, 5500, 1.9, 9310, 10450, '2025-01-10 14:26:05', '2025-01-10 14:26:05'),
(41, 8, '21k', 'R013', 'Ring21k', 0, 4900, 5500, 3.6, 17640, 19800, '2025-01-10 14:27:25', '2025-01-20 14:41:44'),
(42, 8, '21k', 'R014', 'Ring21k', 1, 4900, 5500, 1.7, 8330, 9350, '2025-01-10 14:28:17', '2025-01-10 14:28:17'),
(43, 8, '21k', 'R015', 'Ring21k', 1, 4900, 5500, 2, 9800, 11000, '2025-01-10 14:30:41', '2025-01-10 14:30:41'),
(44, 8, '21k', 'R016', 'Ring 21k', 1, 4900, 5500, 1.8, 8820, 9900, '2025-01-10 14:33:12', '2025-01-10 14:33:12'),
(45, 8, '21k', 'R017', 'Ring 21k', 1, 4900, 5500, 2, 9800, 11000, '2025-01-10 14:34:25', '2025-01-10 14:34:25'),
(46, 8, '21k', 'R018', 'Ring 21k', 1, 4900, 5500, 2.4, 11760, 13200, '2025-01-10 14:35:13', '2025-01-10 14:35:13'),
(47, 8, '21k', 'R019', 'Ring 21k', 1, 4900, 5500, 4.2, 20580, 23100, '2025-01-10 14:35:54', '2025-01-10 14:35:54'),
(48, 8, '21k', 'R020', 'Ring 21k', 1, 4900, 5500, 3.6, 17640, 19800, '2025-01-10 14:37:08', '2025-01-10 14:37:08'),
(49, 8, '21k', 'R021', 'Ring 21k', 1, 4900, 5500, 3.7, 18130, 20350, '2025-01-10 14:41:01', '2025-01-10 14:41:01'),
(50, 8, '21k', 'R022', 'Ring 21k', 1, 4900, 5500, 3.7, 18130, 20350, '2025-01-10 14:41:53', '2025-01-10 14:41:53'),
(51, 8, '21k', 'R023', 'Ring 21k', 1, 4900, 5500, 3.7, 18130, 20350, '2025-01-10 14:43:55', '2025-01-10 14:43:55'),
(52, 8, '21k', 'R024', 'Ring 21k', 1, 4900, 5500, 3.9, 19110, 21450, '2025-01-10 14:45:04', '2025-01-10 14:45:04'),
(53, 8, '21k', 'R025', 'Ring 21k', 1, 4900, 5500, 3.2, 15680, 17600, '2025-01-10 14:45:43', '2025-01-10 14:45:43'),
(54, 8, '21k', 'R026', 'Ring 21k', 1, 4900, 5500, 3.5, 17150, 19250, '2025-01-10 14:47:06', '2025-01-10 14:47:06'),
(55, 8, '21k', 'R027', 'Ring 21k', 1, 4900, 5500, 3.4, 16660, 18700, '2025-01-10 14:49:11', '2025-01-10 14:49:11'),
(56, 8, '21k', 'R028', 'Ring 21k', 1, 4900, 5500, 2.5, 12250, 13750, '2025-01-10 14:50:02', '2025-01-10 14:50:02'),
(58, 8, '21k', 'R029', 'Ring 21k', 1, 4900, 5500, 2, 9800, 11000, '2025-01-10 15:09:29', '2025-01-10 15:09:29'),
(59, 8, '21k', 'R030', 'Ring 21k', 1, 4900, 5500, 2.7, 13230, 14850, '2025-01-10 15:14:44', '2025-01-10 15:14:44'),
(60, 8, '21k', 'R031', 'Ring 21k', 1, 4900, 5500, 2.4, 11760, 13200, '2025-01-10 15:24:44', '2025-01-10 15:24:44'),
(61, 8, '21k', 'R032', 'Ring 21k', 1, 4900, 5500, 2.5, 12250, 13750, '2025-01-10 15:25:10', '2025-01-10 15:25:10'),
(62, 8, '21k', 'R033', 'Ring 21k', 0, 4900, 5500, 2.1, 10290, 11550, '2025-01-10 15:25:39', '2025-01-10 15:25:39'),
(63, 8, '21k', 'R034', 'Ring 21k', 1, 4900, 5500, 3.2, 15680, 17600, '2025-01-10 15:25:58', '2025-01-10 15:25:58'),
(64, 8, '21k', 'R035', 'Ring 21k', 1, 4900, 5500, 2.2, 10780, 12100, '2025-01-10 15:26:25', '2025-01-10 15:26:25'),
(65, 8, '21k', 'R036', 'Ring 21k', 1, 4900, 5500, 3.7, 18130, 20350, '2025-01-10 15:26:56', '2025-01-10 15:26:56'),
(66, 8, '21k', 'R037', 'Ring 21k', 1, 4900, 5500, 2.7, 13230, 14850, '2025-01-10 15:27:29', '2025-01-10 15:27:29'),
(67, 8, '21k', 'R038', 'Ring 21k', 1, 4900, 5500, 2.8, 13720, 15400, '2025-01-10 15:28:04', '2025-01-10 15:28:04'),
(68, 8, '21k', 'R039', 'Ring 21k', 1, 4900, 5500, 1.8, 8820, 9900, '2025-01-10 15:29:12', '2025-01-10 15:29:12'),
(69, 8, '21k', 'R040', 'Ring 21k', 0, 4900, 5500, 2.1, 10290, 11550, '2025-01-10 15:30:01', '2025-01-10 15:30:01'),
(70, 8, '21k', 'R041', 'Ring 21k', 1, 4900, 5500, 2.1, 10290, 11550, '2025-01-10 15:30:22', '2025-01-10 15:30:22'),
(71, 8, '21k', 'R042', 'Ring 21k', 1, 4900, 5500, 1.3, 6370, 7150, '2025-01-10 15:30:46', '2025-01-10 15:30:46'),
(72, 8, '21k', 'R043', 'Ring 21k', 1, 4900, 5500, 2.1, 10290, 11550, '2025-01-10 15:31:10', '2025-01-10 15:31:10'),
(73, 8, '21k', 'R044', 'Ring 21k', 1, 4900, 5500, 4.6, 22540, 25300, '2025-01-10 15:31:46', '2025-01-10 15:31:46'),
(74, 8, '21k', 'R045', 'Ring 21k', 0, 4900, 5500, 4.6, 22540, 25300, '2025-01-10 15:32:11', '2025-01-10 15:32:11'),
(75, 8, '21k', 'R046', 'Ring 21k', 1, 4900, 5500, 2.3, 11270, 12650, '2025-01-10 15:33:01', '2025-01-10 15:33:01'),
(76, 8, '21k', 'R047', 'Ring 21k', 1, 4900, 5500, 4.1, 20090, 22550, '2025-01-10 15:33:21', '2025-01-10 15:33:21'),
(77, 8, '21k', 'R048', 'Ring 21k', 1, 4900, 5500, 2.5, 12250, 13750, '2025-01-10 15:33:49', '2025-01-10 15:33:49'),
(78, 8, '21k', 'R049', 'Ring 21k', 1, 4900, 5500, 2.4, 11760, 13200, '2025-01-10 15:34:09', '2025-01-10 15:34:09'),
(79, 8, '21k', 'R050', 'Ring 21k', 1, 4900, 5500, 1.3, 6370, 7150, '2025-01-10 15:34:33', '2025-01-10 15:34:33'),
(80, 8, '21k', 'R051', 'Ring 21k', 1, 4900, 5500, 3.2, 15680, 17600, '2025-01-10 15:34:52', '2025-01-10 15:34:52'),
(102, 8, '21k', 'R052', 'Ring 21k', 1, 4900, 5500, 2.4, 11760, 13200, '2025-01-10 18:06:02', '2025-01-10 18:06:02'),
(103, 8, '21k', 'R053', 'Ring 21k', 1, 4900, 5500, 2, 9800, 11000, '2025-01-10 18:06:46', '2025-01-10 18:06:46'),
(104, 8, '21k', 'R054', 'Ring 21k', 1, 4900, 5500, 2.5, 12250, 13750, '2025-01-10 18:07:12', '2025-01-10 18:07:12'),
(105, 8, '21k', 'R055', 'Ring 21k', 1, 4900, 5500, 2.9, 14210, 15950, '2025-01-10 18:07:31', '2025-01-10 18:07:31'),
(106, 8, '21k', 'R056', 'Ring 21k', 1, 4900, 5500, 2.8, 13720, 15400, '2025-01-10 18:07:52', '2025-01-10 18:07:52'),
(107, 8, '21k', 'R057', 'Ring 21k', 1, 4900, 5500, 1.3, 6370, 7150, '2025-01-10 18:08:42', '2025-01-10 18:08:42'),
(108, 8, '21k', 'R058', 'Ring 21k', 0, 4900, 5500, 2.2, 10780, 12100, '2025-01-10 18:08:53', '2025-01-29 05:21:34'),
(109, 8, '21k', 'R059', 'Ring 21k', 1, 4900, 5500, 2.6, 12740, 14300, '2025-01-10 18:09:03', '2025-01-10 18:09:03'),
(110, 8, '21k', 'R060', 'Ring 21k', 1, 4900, 5500, 4.1, 20090, 22550, '2025-01-10 18:09:14', '2025-01-10 18:09:14'),
(112, 8, '21k', 'R061', 'Ring 21k', 1, 4900, 5500, 1.6, 7840, 8800, '2025-01-10 18:12:20', '2025-01-10 18:12:20'),
(113, 8, '21k', 'R062', 'Ring 21k', 1, 4900, 5500, 3.8, 18620, 20900, '2025-01-10 18:12:31', '2025-01-10 18:12:31'),
(114, 8, '21k', 'R063', 'Ring 21k', 1, 4900, 5500, 1.8, 8820, 9900, '2025-01-10 18:12:42', '2025-01-10 18:12:42'),
(115, 8, '21k', 'R064', 'Ring 21k', 1, 4900, 5500, 2.9, 14210, 15950, '2025-01-10 18:12:51', '2025-01-10 18:12:51'),
(116, 8, '21k', 'R065', 'Ring 21k', 1, 4900, 5500, 2.1, 10290, 11550, '2025-01-10 18:13:02', '2025-01-10 18:13:02'),
(117, 8, '21k', 'R066', 'Ring 21k', 0, 4900, 5500, 2.9, 14210, 15950, '2025-01-10 18:13:17', '2025-01-10 18:13:17'),
(118, 8, '21k', 'R067', 'Ring 21k', 1, 4900, 5500, 2.8, 13720, 15400, '2025-01-10 18:13:27', '2025-01-10 18:13:27'),
(119, 8, '21k', 'R068', 'Ring 21k', 1, 4900, 5500, 2.8, 13720, 15400, '2025-01-10 18:13:37', '2025-01-10 18:13:37'),
(120, 8, '21k', 'R069', 'Ring 21k', 1, 4900, 5500, 4.4, 21560, 24200, '2025-01-10 18:13:47', '2025-01-10 18:13:47'),
(121, 8, '21k', 'R070', 'Ring 21k', 1, 4900, 5500, 3.6, 17640, 19800, '2025-01-10 18:13:57', '2025-01-10 18:13:57'),
(122, 8, '21k', 'R071', 'Ring 21k', 1, 4900, 5500, 3.3, 16170, 18150, '2025-01-10 18:14:08', '2025-01-10 18:14:08'),
(123, 8, '21k', 'R072', 'Ring 21k', 1, 4900, 5500, 1.7, 8330, 9350, '2025-01-10 18:14:46', '2025-01-10 18:14:46'),
(124, 9, '22k', 'R073', 'Ring 22k', 1, 4650, 6000, 6.6, 30690, 39600, '2025-01-11 07:43:20', '2025-01-11 07:43:20'),
(125, 9, '22k', 'R074', 'Ring 22k', 0, 4650, 6000, 1.2, 5580, 7200, '2025-01-11 07:44:02', '2025-01-31 13:36:00'),
(126, 9, '22k', 'R075', 'Ring 22k', 1, 4650, 6000, 6, 27900, 36000, '2025-01-11 07:45:03', '2025-01-11 07:45:03'),
(127, 9, '22k', 'R076', 'Ring 22k', 1, 4650, 6000, 2.4, 11160, 14400, '2025-01-11 07:45:21', '2025-01-11 07:45:21'),
(128, 9, '22k', 'R077', 'Ring 22k', 1, 4650, 6000, 2.8, 13020, 16800, '2025-01-11 07:45:40', '2025-01-11 07:45:40'),
(129, 9, '22k', 'R078', 'Ring 22k', 1, 4650, 6000, 3, 13950, 18000, '2025-01-11 07:46:02', '2025-01-11 07:46:02'),
(130, 9, '22k', 'R079', 'Ring 22k', 1, 4650, 6000, 1.5, 6975, 9000, '2025-01-11 07:46:35', '2025-01-11 07:46:35'),
(131, 9, '22k', 'R080', 'Ring 22k', 1, 4650, 6000, 3.2, 14880, 19200, '2025-01-11 07:46:51', '2025-01-11 07:46:51'),
(132, 9, '22k', 'R081', 'Ring 22k', 1, 4650, 6000, 1.8, 8370, 10800, '2025-01-11 07:47:08', '2025-01-11 07:47:08'),
(133, 9, '22k', 'R082', 'Ring 22k', 0, 4650, 6000, 1.3, 6045, 7800, '2025-01-11 07:47:41', '2025-01-11 07:47:41'),
(134, 9, '22k', 'R083', 'Ring 22k', 1, 4650, 6000, 1.4, 6510, 8400, '2025-01-11 07:47:59', '2025-01-11 07:47:59'),
(135, 9, '22k', 'R084', 'Ring 22k', 1, 4650, 6000, 2.8, 13020, 16800, '2025-01-11 07:48:17', '2025-01-11 07:48:17'),
(136, 9, '22k', 'R085', 'Ring 22k', 1, 4650, 6000, 6.3, 29295, 37800, '2025-01-11 07:48:33', '2025-01-11 07:48:33'),
(137, 9, '22k', 'R086', 'Ring 22k', 1, 4650, 6000, 3.9, 18135, 23400, '2025-01-11 07:48:50', '2025-01-11 07:48:50'),
(138, 9, '22k', 'R087', 'Ring 22k', 1, 4650, 6000, 5.9, 27435, 35400, '2025-01-11 07:49:23', '2025-01-11 07:49:23'),
(139, 9, '22k', 'R088', 'Ring 22k', 1, 4650, 6000, 3.1, 14415, 18600, '2025-01-11 07:49:42', '2025-01-11 07:49:42'),
(140, 9, '22k', 'R089', 'Ring 22k', 1, 4650, 6000, 2.4, 11160, 14400, '2025-01-11 07:50:02', '2025-01-11 07:50:02'),
(141, 9, '22k', 'R090', 'Ring 22k', 1, 4650, 6000, 2, 9300, 12000, '2025-01-11 07:50:35', '2025-01-11 07:50:35'),
(142, 9, '22k', 'R091', 'Ring 22k', 1, 4650, 6000, 1.3, 6045, 7800, '2025-01-11 07:50:57', '2025-01-11 07:50:57'),
(143, 9, '22k', 'R092', 'Ring 22k', 1, 4650, 6000, 1.2, 5580, 7200, '2025-01-11 08:05:28', '2025-01-11 08:05:28'),
(144, 9, '22k', 'R093', 'Ring 22k', 1, 4650, 6000, 2, 9300, 12000, '2025-01-11 08:06:10', '2025-01-11 08:06:10'),
(145, 9, '22k', 'R094', 'Ring 22k', 1, 4650, 6000, 1.7, 7905, 10200, '2025-01-11 08:06:33', '2025-01-11 08:06:33'),
(146, 9, '22k', 'R095', 'Ring 22k', 1, 4650, 6000, 3.3, 15345, 19800, '2025-01-11 08:06:52', '2025-01-11 08:06:52'),
(147, 9, '22k', 'R096', 'Ring 22k', 1, 4650, 6000, 2, 9300, 12000, '2025-01-11 08:07:12', '2025-01-11 08:07:12'),
(148, 9, '22k', 'R097', 'Ring 22k', 1, 4650, 6000, 1.2, 5580, 7200, '2025-01-11 08:08:35', '2025-01-11 08:08:35'),
(149, 9, '22k', 'R098', 'Ring 22k', 1, 4650, 6000, 2.1, 9765, 12600, '2025-01-11 08:10:23', '2025-01-11 08:10:23'),
(150, 9, '22k', 'R099', 'Ring 22k', 1, 4650, 6000, 1.9, 8835, 11400, '2025-01-11 08:10:37', '2025-01-11 08:10:37'),
(151, 9, '22k', 'R100', 'Ring 22k', 1, 4650, 6000, 1.5, 6975, 9000, '2025-01-11 08:10:51', '2025-01-11 08:10:51'),
(152, 9, '22k', 'R101', 'Ring 22k', 0, 4650, 6000, 1.5, 6975, 9000, '2025-01-11 08:11:06', '2025-01-29 05:20:37'),
(153, 9, '22k', 'R102', 'Ring 22k', 1, 4650, 6000, 1.9, 8835, 11400, '2025-01-11 08:11:24', '2025-01-11 08:11:24'),
(154, 9, '22k', 'R103', 'Ring 22k', 1, 4650, 6000, 2, 9300, 12000, '2025-01-11 08:11:40', '2025-01-11 08:11:40'),
(155, 9, '22k', 'R104', 'Ring 22k', 1, 4650, 6000, 2.8, 13020, 16800, '2025-01-11 08:11:57', '2025-01-11 08:11:57'),
(156, 9, '22k', 'R105', 'Ring 22k', 0, 4650, 6000, 1.1, 5115, 6600, '2025-01-11 08:12:18', '2025-01-18 13:28:26'),
(157, 9, '22k', 'R106', 'Ring 22k', 0, 4650, 6000, 1.1, 5115, 6600, '2025-01-11 08:12:32', '2025-01-17 12:30:35'),
(158, 9, '22k', 'R107', 'Ring 22k', 1, 4650, 6000, 1.5, 6975, 9000, '2025-01-11 08:12:51', '2025-01-11 08:12:51'),
(159, 9, '22k', 'R108', 'Ring 22k', 1, 4650, 6000, 0.5, 2325, 3000, '2025-01-11 08:18:02', '2025-01-11 08:18:02'),
(160, 9, '22k', 'R109', 'Ring 22k', 1, 4650, 6000, 1, 4650, 6000, '2025-01-11 08:18:23', '2025-01-11 08:18:23'),
(161, 9, '22k', 'R110', 'Ring 22k', 1, 4650, 6000, 0.6, 2790, 3600, '2025-01-11 08:19:17', '2025-01-11 08:19:17'),
(162, 9, '22k', 'R111', 'Ring 22k', 1, 4650, 6000, 3.4, 15810, 20400, '2025-01-11 08:20:15', '2025-01-11 08:20:15'),
(163, 9, '22k', 'R112', 'Ring 22k', 1, 4650, 6000, 0.9, 4185, 5400, '2025-01-11 08:20:25', '2025-01-11 08:20:25'),
(164, 9, '22k', 'R113', 'Ring 22k', 1, 4650, 6000, 2.3, 10695, 13800, '2025-01-11 08:20:41', '2025-01-11 08:20:41'),
(165, 9, '22k', 'R114', 'Ring 22k', 0, 4650, 6000, 1.2, 5580, 7200, '2025-01-11 08:20:54', '2025-01-29 10:58:16'),
(166, 9, '22k', 'R115', 'Ring 22k', 0, 4650, 6000, 1.8, 8370, 10800, '2025-01-11 08:21:22', '2025-01-25 05:41:34'),
(167, 9, '22k', 'R116', 'Ring 22k', 1, 4650, 6000, 2.5, 11625, 15000, '2025-01-11 08:21:36', '2025-01-11 08:21:36'),
(168, 9, '22k', 'R117', 'Ring 22k', 1, 4650, 6000, 1.5, 6975, 9000, '2025-01-11 08:21:54', '2025-01-11 08:21:54'),
(169, 9, '22k', 'R118', 'Ring 22k', 0, 4650, 6000, 0.8, 3720, 4800, '2025-01-11 08:22:10', '2025-01-11 08:22:10'),
(170, 9, '22k', 'R119', 'Ring 22k', 1, 4650, 6000, 2.2, 10230, 13200, '2025-01-11 08:24:14', '2025-01-11 08:24:14'),
(171, 9, '22k', 'R120', 'Ring 22k', 1, 4650, 6000, 1.2, 5580, 7200, '2025-01-11 08:24:31', '2025-01-11 08:24:31'),
(172, 9, '22k', 'R121', 'Ring 22k', 1, 4650, 6000, 2.7, 12555, 16200, '2025-01-11 08:24:48', '2025-01-11 08:24:48'),
(173, 9, '22k', 'R122', 'Ring 22k', 0, 4650, 6000, 1.1, 5115, 6600, '2025-01-11 08:25:00', '2025-01-18 12:20:33'),
(174, 9, '22k', 'R123', 'Ring 22k', 0, 4650, 6000, 0.9, 4185, 5400, '2025-01-11 08:25:12', '2025-01-11 08:25:12'),
(175, 9, '22k', 'R124', 'Ring 22k', 0, 4650, 6000, 1.3, 6045, 7800, '2025-01-11 08:25:24', '2025-01-20 14:41:44'),
(176, 9, '22k', 'R125', 'Ring 22k', 0, 4650, 6000, 1, 4650, 6000, '2025-01-11 08:25:37', '2025-01-11 08:25:37'),
(177, 9, '22k', 'R126', 'Ring 22k', 1, 4650, 6000, 1, 4650, 6000, '2025-01-11 08:25:47', '2025-01-11 08:25:47'),
(178, 9, '22k', 'R127', 'Ring 22k', 1, 4650, 6000, 1.1, 5115, 6600, '2025-01-11 08:26:06', '2025-01-11 08:26:06'),
(179, 9, '22k', 'R128', 'Ring 22k', 0, 4650, 6000, 0.8, 3720, 4800, '2025-01-11 08:26:19', '2025-01-11 08:26:19'),
(180, 9, '22k', 'R129', 'Ring 22k', 1, 4650, 6000, 1, 4650, 6000, '2025-01-11 08:26:29', '2025-01-11 08:26:29'),
(181, 9, '22k', 'R130', 'Ring 22k', 0, 4650, 6000, 1.3, 6045, 7800, '2025-01-11 08:26:40', '2025-01-31 13:36:48'),
(182, 9, '22k', 'R131', 'Ring 22k', 0, 4650, 6000, 1.3, 6045, 7800, '2025-01-11 08:29:04', '2025-01-23 13:56:09'),
(183, 9, '22k', 'R132', 'Ring 22k', 1, 4650, 6000, 1.4, 6510, 8400, '2025-01-11 08:29:16', '2025-01-11 08:29:16'),
(184, 9, '22k', 'R133', 'Ring 22k', 1, 4650, 6000, 1.3, 6045, 7800, '2025-01-11 08:29:28', '2025-01-11 08:29:28'),
(185, 9, '22k', 'R134', 'Ring 22k', 1, 4650, 6000, 4.1, 19065, 24600, '2025-01-11 08:29:39', '2025-01-11 08:29:39'),
(186, 9, '22k', 'R135', 'Ring 22k', 1, 4650, 6000, 2, 9300, 12000, '2025-01-11 08:29:52', '2025-01-11 08:29:52'),
(187, 9, '22k', 'R136', 'Ring 22k', 1, 4650, 6000, 1.7, 7905, 10200, '2025-01-11 08:30:44', '2025-01-11 08:30:44'),
(188, 9, '22k', 'R137', 'Ring 22k', 1, 4650, 6000, 1.7, 7905, 10200, '2025-01-11 08:30:57', '2025-01-11 08:30:57'),
(189, 9, '22k', 'R138', 'Ring 22k', 0, 4650, 6000, 3, 13950, 18000, '2025-01-11 08:31:07', '2025-01-30 07:40:00'),
(190, 8, '22k', 'R139', 'Ring 22k', 0, 4650, 6000, 1, 4650, 6000, '2025-01-11 08:31:18', '2025-02-01 13:09:58'),
(191, 9, '22k', 'R140', 'Ring 22k', 1, 4650, 6000, 1.5, 6975, 9000, '2025-01-11 08:31:29', '2025-01-11 08:31:29'),
(192, 9, '22k', 'R141', 'Ring 22k', 1, 4650, 6000, 1.5, 6975, 9000, '2025-01-11 08:31:39', '2025-01-11 08:31:39'),
(193, 9, '22k', 'R142', 'Ring 22k', 0, 4650, 6000, 1.4, 6510, 8400, '2025-01-11 08:31:52', '2025-01-11 08:31:52'),
(194, 9, '22k', 'R143', 'Ring 22k', 0, 4650, 6000, 0.8, 3720, 4800, '2025-01-11 08:32:24', '2025-01-11 08:32:24'),
(195, 9, '22k', 'R144', 'Ring 22k', 1, 4650, 6000, 1.4, 6510, 8400, '2025-01-11 08:32:39', '2025-01-11 08:32:39'),
(196, 9, '22k', 'R145', 'Ring 22k', 0, 4650, 6000, 1.3, 6045, 7800, '2025-01-11 08:32:49', '2025-01-18 09:22:59'),
(197, 9, '22k', 'R146', 'Ring 22k', 1, 4650, 6000, 1.7, 7905, 10200, '2025-01-11 08:36:22', '2025-01-11 08:36:22'),
(198, 9, '22k', 'R147', 'Ring 22k', 1, 4650, 6000, 1.7, 7905, 10200, '2025-01-11 08:36:32', '2025-01-11 08:36:32'),
(199, 9, '22k', 'R148', 'Ring 22k', 1, 4650, 6000, 1.9, 8835, 11400, '2025-01-11 08:36:46', '2025-01-11 08:36:46'),
(200, 9, '22k', 'R149', 'Ring 22k', 0, 4650, 6000, 1.6, 7440, 9600, '2025-01-11 08:36:57', '2025-01-27 13:41:29'),
(201, 9, '22k', 'R150', 'Ring 22k', 1, 4650, 6000, 1, 4650, 6000, '2025-01-11 08:37:06', '2025-01-11 08:37:06'),
(202, 9, '22k', 'R151', 'Ring 22k', 1, 4650, 6000, 1.5, 6975, 9000, '2025-01-11 08:37:17', '2025-01-11 08:37:17'),
(203, 9, '22k', 'R152', 'Ring 22k', 1, 4650, 6000, 1.5, 6975, 9000, '2025-01-11 08:37:29', '2025-01-11 08:37:29'),
(204, 9, '22k', 'R153', 'Ring 22k', 1, 4650, 6000, 1.4, 6510, 8400, '2025-01-11 08:37:45', '2025-01-11 08:37:45'),
(205, 9, '22k', 'R154', 'Ring 22k', 1, 4650, 6000, 3.9, 18135, 23400, '2025-01-11 08:38:59', '2025-01-11 08:38:59'),
(206, 9, '22k', 'R155', 'Ring 22k', 1, 4650, 6000, 1.2, 5580, 7200, '2025-01-11 08:39:11', '2025-01-11 08:39:11'),
(207, 9, '22k', 'R156', 'Ring 22k', 1, 4650, 6000, 2.1, 9765, 12600, '2025-01-11 08:39:22', '2025-01-11 08:39:22'),
(208, 9, '22k', 'R157', 'Ring 22k', 1, 4650, 6000, 1.1, 5115, 6600, '2025-01-11 08:39:34', '2025-01-11 08:39:34'),
(209, 9, '22k', 'R158', 'Ring 22k', 1, 4650, 6000, 1.4, 6510, 8400, '2025-01-11 08:39:50', '2025-01-11 08:39:50'),
(210, 9, '22k', 'R159', 'Ring 22k', 0, 4650, 6000, 1.8, 8370, 10800, '2025-01-11 08:40:01', '2025-01-11 08:40:01'),
(211, 9, '22k', 'R160', 'Ring 22k', 1, 4650, 6000, 2.1, 9765, 12600, '2025-01-11 08:40:12', '2025-01-11 08:40:12'),
(212, 9, '22k', 'R161', 'Ring 22k', 1, 4650, 6000, 3.4, 15810, 20400, '2025-01-11 08:40:24', '2025-01-11 08:40:24'),
(213, 9, '22k', 'R162', 'Ring 22k', 1, 4650, 6000, 1.5, 6975, 9000, '2025-01-11 08:40:34', '2025-01-11 08:40:34'),
(214, 9, '22k', 'R163', 'Ring 22k', 1, 4650, 6000, 2.6, 12090, 15600, '2025-01-11 08:40:47', '2025-01-11 08:40:47'),
(215, 9, '22k', 'R164', 'Ring 22k', 1, 4650, 6000, 1.4, 6510, 8400, '2025-01-11 08:40:58', '2025-01-11 08:40:58'),
(216, 9, '22k', 'R165', 'Ring 22k', 1, 4650, 6000, 1.3, 6045, 7800, '2025-01-11 08:45:15', '2025-01-11 08:45:15'),
(217, 9, '22k', 'R166', 'Ring 22k', 1, 4650, 6000, 2.2, 10230, 13200, '2025-01-11 08:45:26', '2025-01-11 08:45:26'),
(218, 9, '22k', 'R167', 'Ring 22k', 1, 4650, 6000, 3.2, 14880, 19200, '2025-01-11 08:45:36', '2025-01-11 08:45:36'),
(219, 9, '22k', 'R168', 'Ring 22k', 1, 4650, 6000, 1.6, 7440, 9600, '2025-01-11 08:45:49', '2025-01-11 08:45:49'),
(220, 9, '22k', 'R169', 'Ring 22k', 1, 4650, 6000, 1.8, 8370, 10800, '2025-01-11 08:46:12', '2025-01-11 08:46:12'),
(221, 9, '22k', 'R170', 'Ring 22k', 1, 4650, 6000, 2.3, 10695, 13800, '2025-01-11 08:46:22', '2025-01-11 08:46:22'),
(222, 9, '22k', 'R171', 'Ring 22k', 1, 4650, 6000, 1.7, 7905, 10200, '2025-01-11 08:46:34', '2025-01-11 08:46:34'),
(223, 9, '22k', 'R172', 'Ring 22k', 0, 4650, 6000, 1.3, 6045, 7800, '2025-01-11 08:46:44', '2025-01-11 08:46:44'),
(224, 9, '22k', 'R173', 'Ring 22k', 0, 4650, 6000, 1.4, 6510, 8400, '2025-01-11 08:46:56', '2025-01-30 08:13:10'),
(225, 9, '22k', 'R174', 'Ring 22k', 1, 4650, 6000, 1.3, 6045, 7800, '2025-01-11 08:47:06', '2025-01-11 08:47:06'),
(226, 9, '22k', 'R175', 'Ring 22k', 1, 4650, 6000, 1.6, 7440, 9600, '2025-01-11 08:47:17', '2025-01-11 08:47:17'),
(227, 9, '22k', 'R176', 'Ring 22k', 1, 4650, 6000, 1.7, 7905, 10200, '2025-01-11 08:47:28', '2025-01-11 08:47:28'),
(228, 9, '22k', 'R177', 'Ring 22k', 1, 4650, 6000, 1.8, 8370, 10800, '2025-01-11 08:47:42', '2025-01-11 08:47:42'),
(229, 9, '22k', 'R178', 'Ring 22k', 1, 4650, 6000, 2.4, 11160, 14400, '2025-01-11 08:47:59', '2025-01-11 08:47:59'),
(230, 9, '22k', 'R179', 'Ring 22k', 0, 4650, 6000, 1.2, 5580, 7200, '2025-01-11 08:48:13', '2025-01-11 08:48:13'),
(231, 9, '22k', 'R180', 'Ring 22k', 1, 4650, 6000, 1.9, 8835, 11400, '2025-01-11 08:48:26', '2025-01-11 08:48:26'),
(232, 9, '22k', 'R181', 'Ring 22k', 1, 4650, 6000, 1.2, 5580, 7200, '2025-01-11 08:48:48', '2025-01-11 08:48:48'),
(233, 9, '22k', 'R182', 'Ring 22k', 1, 4650, 6000, 3.9, 18135, 23400, '2025-01-11 08:48:59', '2025-01-11 08:48:59'),
(234, 9, '22k', 'R183', 'Ring 22k', 1, 4650, 6000, 3.6, 16740, 21600, '2025-01-11 08:49:10', '2025-01-11 08:49:10'),
(235, 9, '22k', 'R184', 'Ring 22k', 1, 4650, 6000, 1.9, 8835, 11400, '2025-01-11 08:54:25', '2025-01-11 08:54:25'),
(236, 9, '22k', 'R185', 'Ring 22k', 1, 4650, 6000, 2.1, 9765, 12600, '2025-01-11 08:54:41', '2025-01-11 08:54:41'),
(237, 9, '22k', 'R186', 'Ring 22k', 1, 4650, 6000, 1.1, 5115, 6600, '2025-01-11 08:54:54', '2025-01-11 08:54:54'),
(238, 9, '22k', 'R187', 'Ring 22k', 1, 4650, 6000, 2.2, 10230, 13200, '2025-01-11 08:55:05', '2025-01-11 08:55:05'),
(239, 9, '22k', 'R188', 'Ring 22k', 1, 4650, 6000, 3.5, 16275, 21000, '2025-01-11 08:55:17', '2025-01-11 08:55:17'),
(240, 9, '22k', 'R189', 'Ring 22k', 1, 4650, 6000, 1.3, 6045, 7800, '2025-01-11 08:55:28', '2025-01-11 08:55:28'),
(241, 9, '22k', 'R190', 'Ring 22k', 1, 4650, 6000, 1.8, 8370, 10800, '2025-01-11 08:55:39', '2025-01-11 08:55:39'),
(242, 9, '22k', 'R191', 'Ring 22k', 1, 4650, 6000, 2.2, 10230, 13200, '2025-01-11 08:55:50', '2025-01-11 08:55:50'),
(243, 9, '22k', 'R192', 'Ring 22k', 1, 4650, 6000, 1.7, 7905, 10200, '2025-01-11 08:56:09', '2025-01-11 08:56:09'),
(244, 9, '22k', 'R193', 'Ring 22k', 1, 4650, 6000, 1.8, 8370, 10800, '2025-01-11 08:56:20', '2025-01-11 08:56:20'),
(245, 8, '18k', 'R194', 'Ring 18k', 1, 4450, 5000, 3.2, 14240, 16000, '2025-01-11 09:03:05', '2025-01-11 09:03:05'),
(246, 8, '18k', 'R195', 'Ring 18k', 1, 4450, 5000, 2.3, 10235, 11500, '2025-01-11 09:03:36', '2025-01-11 09:03:36'),
(247, 8, '18k', 'R196', 'Ring 18k', 1, 4450, 5000, 2.7, 12015, 13500, '2025-01-11 09:03:46', '2025-01-11 09:03:46'),
(248, 8, '18k', 'R197', 'Ring 18k', 1, 4450, 5000, 1.9, 8455, 9500, '2025-01-11 09:03:59', '2025-01-11 09:03:59'),
(249, 8, '18k', 'R198', 'Ring 18k', 1, 4450, 5000, 2.7, 12015, 13500, '2025-01-11 09:04:12', '2025-01-11 09:04:12'),
(250, 8, '18k', 'R199', 'Ring 18k', 1, 4450, 5000, 1.7, 7565, 8500, '2025-01-11 09:04:31', '2025-01-11 09:04:31'),
(251, 8, '18k', 'R200', 'Ring 18k', 1, 4450, 5000, 2.1, 9345, 10500, '2025-01-11 09:04:41', '2025-01-11 09:04:41'),
(252, 8, '18k', 'R201', 'Ring 18k', 1, 4450, 5000, 7.2, 32040, 36000, '2025-01-11 09:04:57', '2025-01-11 09:04:57'),
(253, 8, '18k', 'R202', 'Ring 18k', 0, 4450, 5000, 4.4, 19580, 22000, '2025-01-11 09:05:11', '2025-01-16 11:03:16'),
(254, 8, '18k', 'R203', 'Ring 18k', 1, 4450, 5000, 3.8, 16910, 19000, '2025-01-11 09:05:26', '2025-01-11 09:05:26'),
(255, 8, '18k', 'R204', 'Ring 18k', 1, 4450, 5000, 2.3, 10235, 11500, '2025-01-11 09:05:38', '2025-01-11 09:05:38'),
(256, 8, '18k', 'R205', 'Ring 18k', 1, 4450, 5000, 3.8, 16910, 19000, '2025-01-11 09:05:51', '2025-01-11 09:05:51'),
(257, 8, '18k', 'R206', 'Ring 18k', 1, 4450, 5000, 2.1, 9345, 10500, '2025-01-11 09:06:03', '2025-01-11 09:06:03'),
(258, 8, '18k', 'R207', 'Ring 18k', 1, 4450, 5000, 3.4, 15130, 17000, '2025-01-11 09:06:14', '2025-01-11 09:06:14'),
(259, 8, '18k', 'R208', 'Ring 18k', 1, 4450, 5000, 1.7, 7565, 8500, '2025-01-11 09:12:38', '2025-01-11 09:12:38'),
(260, 8, '18k', 'R209', 'Ring 18k', 1, 4450, 5000, 1.7, 7565, 8500, '2025-01-11 09:12:52', '2025-01-11 09:12:52'),
(261, 8, '18k', 'R210', 'Ring 18k', 1, 4450, 5000, 1.4, 6230, 7000, '2025-01-11 09:13:03', '2025-01-11 09:13:03'),
(262, 8, '18k', 'R211', 'Ring 18k', 1, 4450, 5000, 2.3, 10235, 11500, '2025-01-11 09:13:14', '2025-01-11 09:13:14'),
(263, 8, '18k', 'R212', 'Ring 18k', 1, 4450, 5000, 1.4, 6230, 7000, '2025-01-11 09:13:37', '2025-01-11 09:13:37'),
(264, 8, '18k', 'R213', 'Ring 18k', 1, 4450, 5000, 1.6, 7120, 8000, '2025-01-11 09:13:50', '2025-01-11 09:13:50'),
(265, 8, '18k', 'R214', 'Ring 18k', 1, 4450, 5000, 2.2, 9790, 11000, '2025-01-11 09:14:02', '2025-01-11 09:14:02'),
(266, 8, '18k', 'R215', 'Ring 18k', 1, 4450, 5000, 2, 8900, 10000, '2025-01-11 09:14:15', '2025-01-11 09:14:15'),
(267, 8, '18k', 'R216', 'Ring 18k', 1, 4450, 5000, 1.8, 8010, 9000, '2025-01-11 09:16:35', '2025-01-11 09:16:35'),
(268, 8, '18k', 'R217', 'Ring 18k', 1, 4450, 5000, 1.9, 8455, 9500, '2025-01-11 09:16:45', '2025-01-11 09:16:45'),
(269, 8, '18k', 'R218', 'Ring 18k', 1, 4450, 5000, 1.9, 8455, 9500, '2025-01-11 09:16:56', '2025-01-11 09:16:56'),
(270, 8, '18k', 'R219', 'Ring 18k', 1, 4450, 5000, 1.5, 6675, 7500, '2025-01-11 09:17:08', '2025-01-11 09:17:08'),
(271, 8, '18k', 'R220', 'Ring 18k', 1, 4450, 5000, 1.6, 7120, 8000, '2025-01-11 09:18:20', '2025-01-11 09:18:20'),
(272, 8, '18k', 'R221', 'Ring 18k', 0, 4450, 5000, 1.7, 7565, 8500, '2025-01-11 09:18:32', '2025-01-31 14:21:34'),
(273, 8, '18k', 'R222', 'Ring 18k', 1, 4450, 5000, 0.7, 3115, 3500, '2025-01-11 09:18:46', '2025-01-11 09:18:46'),
(274, 8, '18k', 'R223', 'Ring 18k', 1, 4450, 5000, 1.4, 6230, 7000, '2025-01-11 09:18:57', '2025-01-11 09:18:57'),
(275, 8, '18k', 'R224', 'Ring 18k', 1, 4450, 5000, 1.4, 6230, 7000, '2025-01-11 09:19:09', '2025-01-11 09:19:09'),
(276, 8, '18k', 'R225', 'Ring 18k', 1, 4450, 5000, 0.7, 3115, 3500, '2025-01-11 09:19:20', '2025-01-11 09:19:20'),
(277, 8, '18k', 'R226', 'Ring 18k', 1, 4450, 5000, 1.8, 8010, 9000, '2025-01-11 09:19:32', '2025-01-11 09:19:32'),
(278, 8, '18k', 'R227', 'Ring 18k', 1, 4450, 5000, 1.8, 8010, 9000, '2025-01-11 09:19:46', '2025-01-11 09:19:46'),
(279, 8, '18k', 'R228', 'Ring 18k', 1, 4450, 5000, 1.7, 7565, 8500, '2025-01-11 09:19:58', '2025-01-11 09:19:58'),
(280, 8, '18k', 'R229', 'Ring 18k', 1, 4450, 5000, 1.1, 4895, 5500, '2025-01-11 09:20:12', '2025-01-11 09:20:12'),
(281, 8, '18k', 'R230', 'Ring 18k', 1, 4450, 5000, 1.8, 8010, 9000, '2025-01-11 09:20:24', '2025-01-11 09:20:24'),
(282, 8, '18k', 'R231', 'Ring 18k', 1, 4450, 5000, 1.1, 4895, 5500, '2025-01-11 09:22:41', '2025-01-11 09:22:41'),
(283, 8, '18k', 'R232', 'Ring 18k', 1, 4450, 5000, 1.3, 5785, 6500, '2025-01-11 09:22:57', '2025-01-11 09:22:57'),
(284, 8, '18k', 'R233', 'Ring 18k', 0, 4450, 5000, 1.2, 5340, 6000, '2025-01-11 09:23:11', '2025-01-24 13:15:14'),
(285, 8, '18k', 'R234', 'Ring 18k', 1, 4450, 5000, 1.3, 5785, 6500, '2025-01-11 09:23:24', '2025-01-11 09:23:24'),
(286, 8, '18k', 'R235', 'Ring 18k', 0, 4450, 5000, 1.3, 5785, 6500, '2025-01-11 09:23:42', '2025-01-23 05:59:43'),
(287, 8, '18k', 'R236', 'Ring 18k', 1, 4450, 5000, 2.1, 9345, 10500, '2025-01-11 09:23:54', '2025-01-11 09:23:54'),
(288, 8, '18k', 'R237', 'Ring 18k', 1, 4450, 5000, 2, 8900, 10000, '2025-01-11 09:24:05', '2025-01-11 09:24:05'),
(289, 8, '18k', 'R238', 'Ring 18k', 1, 4450, 5000, 2.2, 9790, 11000, '2025-01-11 09:24:15', '2025-01-11 09:24:15'),
(290, 8, '18k', 'R239', 'Ring 18k', 1, 4450, 5000, 2.1, 9345, 10500, '2025-01-11 09:24:27', '2025-01-11 09:24:27'),
(291, 8, '18k', 'R240', 'Ring 18k', 1, 4450, 5000, 1.3, 5785, 6500, '2025-01-11 09:24:39', '2025-01-11 09:24:39'),
(292, 8, '18k', 'R241', 'Ring 18k', 1, 4450, 5000, 2.1, 9345, 10500, '2025-01-11 09:24:56', '2025-01-11 09:24:56'),
(293, 8, '18k', 'R242', 'Ring 18k', 1, 4450, 5000, 1.5, 6675, 7500, '2025-01-11 09:25:08', '2025-01-11 09:25:08'),
(294, 8, '18k', 'R243', 'Ring 18k', 0, 4450, 5000, 1.4, 6230, 7000, '2025-01-11 09:25:18', '2025-01-11 09:25:18'),
(295, 8, '18k', 'R244', 'Ring 18k', 1, 4450, 5000, 2.7, 12015, 13500, '2025-01-11 09:25:29', '2025-01-11 09:25:29'),
(296, 8, '18k', 'R245', 'Ring 18k', 1, 4450, 5000, 2, 8900, 10000, '2025-01-11 09:25:39', '2025-01-11 09:25:39'),
(297, 8, '18k', 'R246', 'Ring 18k', 1, 4450, 5000, 1.2, 5340, 6000, '2025-01-11 09:25:50', '2025-01-11 09:25:50'),
(298, 8, '18k', 'R247', 'Ring 18k', 1, 4450, 5000, 2.3, 10235, 11500, '2025-01-11 09:26:04', '2025-01-11 09:26:04'),
(299, 8, '18k', 'R248', 'Ring 18k', 1, 4450, 5000, 2.6, 11570, 13000, '2025-01-11 09:26:15', '2025-01-11 09:26:15'),
(300, 8, '18k', 'R249', 'Ring 18k', 1, 4450, 5000, 1.3, 5785, 6500, '2025-01-11 09:29:37', '2025-01-11 09:29:37'),
(301, 8, '18k', 'R250', 'Ring 18k', 1, 4450, 5000, 1.3, 5785, 6500, '2025-01-11 09:29:53', '2025-01-11 09:29:53'),
(302, 8, '18k', 'R251', 'Ring 18k', 0, 4450, 5000, 1.4, 6230, 7000, '2025-01-11 09:30:06', '2025-01-28 07:03:38'),
(303, 8, '18k', 'R252', 'Ring 18k', 1, 4450, 5000, 1.2, 5340, 6000, '2025-01-11 09:30:16', '2025-01-11 09:30:16'),
(304, 8, '18k', 'R253', 'Ring 18k', 1, 4450, 5000, 2.4, 10680, 12000, '2025-01-11 09:30:27', '2025-01-11 09:30:27'),
(305, 8, '18k', 'R254', 'Ring 18k', 1, 4450, 5000, 2.1, 9345, 10500, '2025-01-11 09:30:40', '2025-01-11 09:30:40'),
(306, 8, '18k', 'R255', 'Ring 18k', 1, 4450, 5000, 1.7, 7565, 8500, '2025-01-11 09:30:53', '2025-01-11 09:30:53'),
(307, 8, '18k', 'R256', 'Ring 18k', 0, 4450, 5000, 7.2, 32040, 36000, '2025-01-11 09:31:05', '2025-02-01 12:43:25'),
(308, 8, '18k', 'R257', 'Ring 18k', 1, 4450, 5000, 2, 8900, 10000, '2025-01-11 09:31:16', '2025-01-11 09:31:16'),
(309, 8, '18k', 'R258', 'Ring 18k', 1, 4450, 5000, 1, 4450, 5000, '2025-01-11 09:31:26', '2025-01-11 09:31:26'),
(310, 8, '18k', 'R259', 'Ring 18k', 0, 4450, 5000, 1.2, 5340, 6000, '2025-01-11 09:31:37', '2025-01-18 09:22:59'),
(311, 8, '18k', 'R260', 'Ring 18k', 1, 4450, 5000, 2, 8900, 10000, '2025-01-11 09:31:48', '2025-01-11 09:31:48'),
(312, 8, '18k', 'R261', 'Ring 18k', 1, 4450, 5000, 1.9, 8455, 9500, '2025-01-11 09:32:01', '2025-01-11 09:32:01'),
(313, 8, '18k', 'R262', 'Ring 18k', 1, 4450, 5000, 1.5, 6675, 7500, '2025-01-11 09:32:13', '2025-01-11 09:32:13'),
(314, 8, '18k', 'R263', 'Ring 18k', 0, 4450, 5000, 1.4, 6230, 7000, '2025-01-11 09:32:26', '2025-01-19 13:57:15'),
(315, 8, '18k', 'R264', 'Ring 18k', 1, 4450, 5000, 1.9, 8455, 9500, '2025-01-11 09:32:36', '2025-01-11 09:32:36'),
(316, 8, '18k', 'R265', 'Ring 18k', 1, 4450, 5000, 1.9, 8455, 9500, '2025-01-11 09:32:47', '2025-01-11 09:32:47'),
(317, 8, '18k', 'R266', 'Ring 18k', 1, 4450, 5000, 2.8, 12460, 14000, '2025-01-11 09:35:36', '2025-01-11 09:35:36'),
(318, 8, '18k', 'R267', 'Ring 18k', 1, 4450, 5000, 3.3, 14685, 16500, '2025-01-11 09:35:46', '2025-01-11 09:35:46'),
(319, 8, '18k', 'R268', 'Ring 18k', 1, 4450, 5000, 2.4, 10680, 12000, '2025-01-11 09:35:57', '2025-01-11 09:35:57'),
(320, 8, '18k', 'R269', 'Ring 18k', 1, 4450, 5000, 2.9, 12905, 14500, '2025-01-11 09:36:09', '2025-01-11 09:36:09'),
(321, 8, '18k', 'R270', 'Ring 18k', 1, 4450, 5000, 2.8, 12460, 14000, '2025-01-11 09:36:20', '2025-01-11 09:36:20'),
(322, 8, '18k', 'R271', 'Ring 18k', 0, 4450, 5000, 2.9, 12905, 14500, '2025-01-11 09:36:57', '2025-01-26 14:35:09'),
(323, 8, '18k', 'R272', 'Ring 18k', 1, 4450, 5000, 2.9, 12905, 14500, '2025-01-11 09:37:08', '2025-01-11 09:37:08'),
(324, 8, '18k', 'R273', 'Ring 18k', 0, 4450, 5000, 3.6, 16020, 18000, '2025-01-11 09:37:21', '2025-01-28 06:04:49'),
(325, 8, '18k', 'R274', 'Ring 18k', 1, 4450, 5000, 3.6, 16020, 18000, '2025-01-11 09:37:36', '2025-01-11 09:37:36'),
(326, 8, '18k', 'R275', 'Ring 18k', 1, 4450, 5000, 2.8, 12460, 14000, '2025-01-11 09:37:51', '2025-01-11 09:37:51'),
(327, 8, '18k', 'R276', 'Ring 18k', 1, 4450, 5000, 2.9, 12905, 14500, '2025-01-11 09:38:04', '2025-01-11 09:38:04'),
(328, 8, '18k', 'R277', 'Ring 18k', 0, 4450, 5000, 2.8, 12460, 14000, '2025-01-11 09:38:16', '2025-01-15 12:41:28'),
(329, 8, '18k', 'R278', 'Ring 18k', 1, 4450, 5000, 2.8, 12460, 14000, '2025-01-11 09:38:29', '2025-01-11 09:38:29'),
(330, 8, '18k', 'R279', 'Ring 18k', 1, 4450, 5000, 2.4, 10680, 12000, '2025-01-11 09:38:43', '2025-01-11 09:38:43'),
(331, 8, '18k', 'R280', 'Ring 18k', 1, 4450, 5000, 2.8, 12460, 14000, '2025-01-11 09:39:03', '2025-01-11 09:39:03'),
(332, 8, '18k', 'R281', 'Ring 18k', 0, 4450, 5000, 0.6, 2670, 3000, '2025-01-11 09:39:14', '2025-01-11 09:39:14'),
(333, 8, '18k', 'R282', 'Ring 18k', 0, 4450, 5000, 0.6, 2670, 3000, '2025-01-11 09:39:28', '2025-01-11 09:39:28'),
(334, 8, '18k', 'R283', 'Ring 18k', 1, 4450, 5000, 0.6, 2670, 3000, '2025-01-11 09:39:40', '2025-01-11 09:39:40'),
(335, 8, '18k', 'R284', 'Ring 18k', 0, 4450, 5000, 0.6, 2670, 3000, '2025-01-11 09:45:17', '2025-01-11 09:45:17'),
(336, 8, '18k', 'R285', 'Ring 18k', 0, 4450, 5000, 0.6, 2670, 3000, '2025-01-11 09:47:02', '2025-01-17 12:30:35'),
(337, 8, '18k', 'R286', 'Ring 18k', 1, 4450, 5000, 0.6, 2670, 3000, '2025-01-11 09:47:10', '2025-01-11 09:47:10'),
(338, 8, '18k', 'R287', 'Ring 18k', 0, 4450, 5000, 0.6, 2670, 3000, '2025-01-11 09:47:17', '2025-01-19 10:57:49'),
(339, 8, '21k', 'C001', 'Chain 21k', 1, 4900, 5500, 8.7, 42630, 47850, '2025-01-11 09:52:37', '2025-01-11 09:52:37'),
(340, 8, '21k', 'C002', 'Chain 21k', 0, 4900, 5500, 5.2, 25480, 28600, '2025-01-11 09:53:04', '2025-01-11 09:53:04'),
(341, 8, '21k', 'C003', 'Chain 21k', 1, 4900, 5500, 5.2, 25480, 28600, '2025-01-11 09:53:16', '2025-01-11 09:53:16'),
(342, 8, '21k', 'C004', 'Chain 21k', 1, 4900, 5500, 6, 29400, 33000, '2025-01-11 09:53:27', '2025-01-11 09:53:27'),
(343, 8, '21k', 'C005', 'Chain 21k', 1, 4900, 5500, 5.4, 26460, 29700, '2025-01-11 09:53:42', '2025-01-11 09:53:42'),
(344, 8, '21k', 'C006', 'Chain 21k', 1, 4900, 5500, 95.6, 468440, 525800, '2025-01-11 09:54:07', '2025-01-11 09:54:07'),
(345, 8, '21k', 'C007', 'Chain 21k', 1, 4900, 5500, 56.1, 274890, 308550, '2025-01-11 09:54:24', '2025-01-11 09:54:24'),
(346, 8, '21k', 'C008', 'Chain 21k', 1, 4900, 5500, 18.6, 91140, 102300, '2025-01-11 09:54:43', '2025-01-11 09:54:43'),
(347, 8, '21k', 'C009', 'Chain 21k', 1, 4900, 5500, 2.6, 12740, 14300, '2025-01-11 09:54:58', '2025-01-11 09:54:58'),
(348, 8, '21k', 'C010', 'Chain 21k', 1, 4900, 5500, 2.6, 12740, 14300, '2025-01-11 09:58:42', '2025-01-11 09:58:42'),
(349, 8, '21k', 'C011', 'Chain 21k', 0, 4900, 5500, 5.3, 25970, 29150, '2025-01-11 09:59:02', '2025-01-11 09:59:02'),
(350, 8, '21k', 'C012', 'Chain 21k', 1, 4900, 5500, 5.45, 26705, 29975, '2025-01-11 10:02:53', '2025-01-11 10:02:53'),
(351, 8, '21k', 'C013', 'Chain 21k', 0, 4900, 5500, 11.2, 54880, 61600, '2025-01-11 10:03:04', '2025-01-11 10:03:04'),
(352, 8, '21k', 'C014', 'Chain 21k', 1, 4900, 5500, 9.3, 45570, 51150, '2025-01-11 10:03:30', '2025-01-11 10:03:30'),
(353, 8, '21k', 'C015', 'Chain 21k', 1, 4900, 5500, 5.1, 24990, 28050, '2025-01-11 10:03:46', '2025-01-11 10:03:46'),
(354, 8, '21k', 'C016', 'Chain 21k', 1, 4900, 5500, 5, 24500, 27500, '2025-01-11 10:03:56', '2025-01-11 10:03:56'),
(355, 8, '21k', 'C017', 'Chain 21k', 1, 4900, 5500, 3.5, 17150, 19250, '2025-01-11 10:04:07', '2025-01-11 10:04:07'),
(356, 8, '21k', 'C018', 'Chain 21k', 1, 4900, 5500, 4.3, 21070, 23650, '2025-01-11 10:04:26', '2025-01-11 10:04:26'),
(357, 8, '21k', 'C019', 'Chain 21k', 1, 4900, 5500, 4.7, 23030, 25850, '2025-01-11 10:04:40', '2025-01-11 10:04:40'),
(358, 8, '21k', 'C020', 'Chain 21k', 1, 4900, 5500, 4.4, 21560, 24200, '2025-01-11 10:04:50', '2025-01-11 10:04:50'),
(359, 8, '21k', 'C021', 'Chain 21k', 1, 4900, 5500, 4.8, 23520, 26400, '2025-01-11 10:05:01', '2025-01-11 10:05:01'),
(360, 8, '21k', 'C022', 'Chain 21k', 1, 4900, 5500, 4.9, 24010, 26950, '2025-01-11 10:05:12', '2025-01-11 10:05:12'),
(361, 8, '21k', 'C023', 'Chain 21k', 1, 4900, 5500, 7.5, 36750, 41250, '2025-01-11 10:05:24', '2025-01-11 10:05:24'),
(362, 8, '21k', 'C024', 'Chain 21k', 1, 4900, 5500, 8.5, 41650, 46750, '2025-01-11 10:05:35', '2025-01-11 10:05:35'),
(363, 8, '21k', 'C025', 'Chain 21k', 1, 4900, 5500, 4.5, 22050, 24750, '2025-01-11 10:05:46', '2025-01-11 10:05:46'),
(364, 8, '21k', 'C026', 'Chain 21k', 1, 4900, 5500, 4.4, 21560, 24200, '2025-01-11 10:05:58', '2025-01-11 10:05:58'),
(365, 8, '21k', 'C027', 'Chain 21k', 1, 4900, 5500, 3.7, 18130, 20350, '2025-01-11 10:06:11', '2025-01-11 10:06:11'),
(366, 8, '21k', 'C028', 'Chain 21k', 1, 4900, 5500, 4.4, 21560, 24200, '2025-01-11 10:06:21', '2025-01-11 10:06:21'),
(367, 8, '21k', 'C029', 'Chain 21k', 1, 4900, 5500, 2, 9800, 11000, '2025-01-11 10:06:30', '2025-02-01 12:29:01'),
(368, 8, '21k', 'C030', 'Chain 21k', 1, 4900, 5500, 4.4, 21560, 24200, '2025-01-11 10:06:42', '2025-01-11 10:06:42'),
(369, 8, '21k', 'C031', 'Chain 21k', 1, 4900, 5500, 3, 14700, 16500, '2025-01-11 10:24:33', '2025-01-11 10:24:33'),
(370, 8, '21k', 'C032', 'Chain 21k', 1, 4900, 5500, 1.9, 9310, 10450, '2025-01-11 10:24:44', '2025-01-11 10:24:44'),
(371, 8, '21k', 'C033', 'Chain 21k', 1, 4900, 5500, 2.8, 13720, 15400, '2025-01-11 10:24:54', '2025-01-11 10:24:54'),
(372, 8, '21k', 'C034', 'Chain 21k', 1, 4900, 5500, 1.9, 9310, 10450, '2025-01-11 10:25:11', '2025-01-11 10:25:11'),
(373, 8, '21k', 'C035', 'Chain 21k', 1, 4900, 5500, 2, 9800, 11000, '2025-01-11 10:25:22', '2025-01-11 10:25:22'),
(374, 8, '21k', 'C036', 'Chain 21k', 1, 4900, 5500, 6.9, 33810, 37950, '2025-01-11 10:25:33', '2025-01-11 10:25:33'),
(375, 8, '21k', 'C037', 'Chain 21k', 1, 4900, 5500, 2.2, 10780, 12100, '2025-01-11 10:25:46', '2025-01-11 10:25:46'),
(376, 8, '21k', 'C038', 'Chain 21k', 1, 4900, 5500, 3.3, 16170, 18150, '2025-01-11 10:26:00', '2025-01-11 10:26:00'),
(377, 8, '21k', 'C039', 'Chain 21k', 1, 4900, 5500, 2.4, 11760, 13200, '2025-01-11 10:26:11', '2025-01-11 10:26:11'),
(378, 8, '21k', 'C040', 'Chain 21k', 1, 4900, 5500, 3.1, 15190, 17050, '2025-01-11 10:26:22', '2025-01-11 10:26:22'),
(379, 8, '21k', 'C041', 'Chain 21k', 1, 4900, 5500, 5.4, 26460, 29700, '2025-01-11 10:26:34', '2025-01-11 10:26:34'),
(380, 8, '21k', 'C042', 'Chain 21k', 1, 4900, 5500, 3.5, 17150, 19250, '2025-01-11 10:26:46', '2025-01-11 10:26:46'),
(381, 8, '21k', 'C043', 'Chain 21k', 1, 4900, 5500, 1.7, 8330, 9350, '2025-01-11 10:26:58', '2025-01-11 10:26:58'),
(382, 8, '21k', 'C044', 'Chain 21k', 1, 4900, 5500, 1.4, 6860, 7700, '2025-01-11 10:27:09', '2025-01-11 10:27:09'),
(383, 8, '21k', 'C045', 'Chain 21k', 1, 4900, 5500, 2.7, 13230, 14850, '2025-01-11 10:27:20', '2025-01-11 10:27:20'),
(384, 8, '21k', 'C046', 'Chain 21k', 1, 4900, 5500, 1.6, 7840, 8800, '2025-01-11 10:27:30', '2025-01-11 10:27:30'),
(385, 8, '21k', 'C047', 'Chain 21k', 1, 4900, 5500, 4, 19600, 22000, '2025-01-11 10:27:40', '2025-01-11 10:27:40'),
(386, 8, '18k', 'C048', 'Chain 18k', 1, 4450, 5000, 3.2, 14240, 16000, '2025-01-11 10:33:51', '2025-01-11 10:33:51'),
(387, 8, '18k', 'C049', 'Chain 18k', 0, 4450, 5000, 2.4, 10680, 12000, '2025-01-11 10:34:05', '2025-01-24 14:15:06'),
(388, 8, '18k', 'C050', 'Chain 18k', 1, 4450, 5000, 1.5, 6675, 7500, '2025-01-11 10:34:19', '2025-01-11 10:34:19'),
(389, 8, '18k', 'C051', 'Chain 18k', 0, 4450, 5000, 1.2, 5340, 6000, '2025-01-11 10:34:30', '2025-01-11 10:34:30'),
(390, 8, '18k', 'C052', 'Chain 18k', 1, 4450, 5000, 1.6, 7120, 8000, '2025-01-11 10:34:45', '2025-01-11 10:34:45'),
(391, 8, '18k', 'C053', 'Chain 18k', 0, 4450, 5000, 1.8, 8010, 9000, '2025-01-11 10:34:58', '2025-01-11 10:34:58'),
(392, 8, '18k', 'C054', 'Chain 18k', 1, 4450, 5000, 1.8, 8010, 9000, '2025-01-11 10:35:09', '2025-01-11 10:35:09'),
(393, 8, '18k', 'C055', 'Chain 18k', 0, 4450, 5000, 3, 13350, 15000, '2025-01-11 10:35:26', '2025-01-11 10:35:26'),
(394, 8, '18k', 'C056', 'Chain 18k', 1, 4450, 5000, 3.7, 16465, 18500, '2025-01-11 10:35:41', '2025-01-11 10:35:41'),
(395, 8, '18k', 'P001', 'Pendant 18k', 1, 4450, 5000, 1.4, 6230, 7000, '2025-01-11 10:40:21', '2025-01-11 10:40:21'),
(396, 8, '18k', 'P002', 'Pendant 18k', 1, 4450, 5000, 1.5, 6675, 7500, '2025-01-11 10:40:33', '2025-01-11 10:40:33'),
(397, 8, '18k', 'P003', 'Pendant 18k', 1, 4450, 5000, 1.6, 7120, 8000, '2025-01-11 10:40:45', '2025-01-11 10:40:45'),
(398, 8, '18k', 'P004', 'Pendant 18k', 0, 4450, 5000, 1, 4450, 5000, '2025-01-11 10:40:56', '2025-01-29 08:10:23'),
(399, 8, '18k', 'P005', 'Pendant 18k', 1, 4450, 5000, 1.1, 4895, 5500, '2025-01-11 10:41:05', '2025-01-11 10:41:05'),
(400, 8, '18k', 'P006', 'Pendant 18k', 1, 4450, 5000, 1.5, 6675, 7500, '2025-01-11 10:41:17', '2025-01-11 10:41:17'),
(401, 8, '18k', 'P007', 'Pendant 18k', 1, 4450, 5000, 2.8, 12460, 14000, '2025-01-11 10:41:28', '2025-01-11 10:41:28'),
(402, 8, '18k', 'P008', 'Pendant 18k', 1, 4450, 5000, 1.9, 8455, 9500, '2025-01-11 10:41:40', '2025-01-11 10:41:40'),
(403, 8, '18k', 'P009', 'Pendant 18k', 1, 4450, 5000, 1.3, 5785, 6500, '2025-01-11 10:41:54', '2025-01-11 10:41:54'),
(404, 9, '22k', 'C057', 'Chain 22k', 1, 4650, 6000, 5.3, 24645, 31800, '2025-01-11 10:46:06', '2025-01-11 10:46:06'),
(405, 9, '22k', 'C058', 'Chain 22k', 1, 4650, 6000, 5.5, 25575, 33000, '2025-01-11 10:46:53', '2025-01-11 10:46:53'),
(406, 9, '22k', 'C059', 'Chain 22k', 1, 4650, 6000, 16, 74400, 96000, '2025-01-11 10:47:07', '2025-01-11 10:47:07'),
(407, 9, '22k', 'C060', 'Chain 22k', 1, 4650, 6000, 5.9, 27435, 35400, '2025-01-11 10:47:20', '2025-01-11 10:47:20'),
(408, 9, '22k', 'C061', 'Chain 22k', 1, 4650, 6000, 18.1, 84165, 108600, '2025-01-11 10:47:32', '2025-01-11 10:47:32'),
(409, 9, '22k', 'C062', 'Chain 22k', 1, 4650, 6000, 11.7, 54405, 70200, '2025-01-11 10:47:45', '2025-01-11 10:47:45'),
(410, 9, '22k', 'C063', 'Chain 22k', 1, 4650, 6000, 10.1, 46965, 60600, '2025-01-11 10:47:57', '2025-01-11 10:47:57'),
(411, 9, '22k', 'C064', 'Chain 22k', 0, 4650, 6000, 6.6, 30690, 39600, '2025-01-11 10:48:09', '2025-01-11 10:48:09'),
(412, 9, '22k', 'C065', 'Chain 22k', 1, 4650, 6000, 10.1, 46965, 60600, '2025-01-11 10:48:25', '2025-01-11 10:48:25'),
(413, 9, '22k', 'C066', 'Chain 22k', 1, 4650, 6000, 11.6, 53940, 69600, '2025-01-11 10:48:39', '2025-01-11 10:48:39'),
(414, 9, '22k', 'C067', 'Chain 22k', 1, 4650, 6000, 11.8, 54870, 70800, '2025-01-11 10:49:15', '2025-01-11 10:49:15'),
(415, 9, '22k', 'C068', 'Chain 22k', 1, 4650, 6000, 7.2, 33480, 43200, '2025-01-11 10:49:29', '2025-01-11 10:49:29'),
(416, 9, '22k', 'C069', 'Chain 22k', 1, 4650, 6000, 13.1, 60915, 78600, '2025-01-11 10:49:48', '2025-01-11 10:49:48'),
(417, 9, '22k', 'C070', 'Chain 22k', 1, 4650, 6000, 9.6, 44640, 57600, '2025-01-11 10:50:05', '2025-01-11 10:50:05'),
(418, 9, '22k', 'C071', 'Chain 22k', 1, 4650, 6000, 14, 65100, 84000, '2025-01-11 10:50:16', '2025-01-11 10:50:16'),
(419, 9, '22k', 'C072', 'Chain 22k', 1, 4650, 6000, 11, 51150, 66000, '2025-01-11 10:50:31', '2025-01-11 10:50:31'),
(420, 9, '22k', 'C073', 'Chain 22k', 1, 4650, 6000, 14.3, 66495, 85800, '2025-01-11 10:50:44', '2025-01-11 10:50:44'),
(421, 9, '22k', 'C074', 'Chain 22k', 0, 4650, 6000, 8.8, 40920, 52800, '2025-01-11 10:51:08', '2025-01-27 07:30:30'),
(422, 9, '22k', 'E001', 'Earing 22k', 1, 4650, 6000, 1.5, 6975, 9000, '2025-01-11 10:56:44', '2025-01-11 10:56:44'),
(423, 9, '22k', 'E002', 'Earing 22k', 1, 4650, 6000, 2, 9300, 12000, '2025-01-11 10:57:02', '2025-01-11 10:57:02'),
(424, 9, '22k', 'E003', 'Earing 22k', 1, 4650, 6000, 1.9, 8835, 11400, '2025-01-11 10:57:13', '2025-01-11 10:57:13'),
(425, 9, '22k', 'E004', 'Earing 22k', 1, 4650, 6000, 1.9, 8835, 11400, '2025-01-11 10:57:26', '2025-01-11 10:57:26'),
(426, 9, '22k', 'E005', 'Earing 22k', 1, 4650, 6000, 1.6, 7440, 9600, '2025-01-11 10:57:37', '2025-01-11 10:57:37'),
(427, 9, '22k', 'E006', 'Earing 22k', 1, 4650, 6000, 2, 9300, 12000, '2025-01-11 10:57:49', '2025-01-11 10:57:49'),
(428, 9, '22k', 'E007', 'Earing 22k', 1, 4650, 6000, 1.9, 8835, 11400, '2025-01-11 10:58:03', '2025-01-11 10:58:03'),
(429, 9, '22k', 'E008', 'Earing 22k', 1, 4650, 6000, 1.1, 5115, 6600, '2025-01-11 10:58:16', '2025-01-11 10:58:16'),
(430, 9, '22k', 'E009', 'Earing 22k', 1, 4650, 6000, 1.7, 7905, 10200, '2025-01-11 10:58:27', '2025-01-11 10:58:27'),
(431, 9, '22k', 'E010', 'Earing 22k', 1, 4650, 6000, 2.4, 11160, 14400, '2025-01-11 11:00:50', '2025-01-11 11:00:50'),
(432, 9, '22k', 'E011', 'Earing 22k', 1, 4650, 6000, 1.9, 8835, 11400, '2025-01-11 11:01:00', '2025-01-11 11:01:00'),
(433, 9, '22k', 'E012', 'Earing 22k', 1, 4650, 6000, 1.5, 6975, 9000, '2025-01-11 11:01:30', '2025-01-11 11:01:30'),
(434, 9, '22k', 'E013', 'Earing 22k', 1, 4650, 6000, 1.8, 8370, 10800, '2025-01-11 11:01:42', '2025-01-11 11:01:42'),
(435, 9, '22k', 'E014', 'Earing 22k', 1, 4650, 6000, 1.6, 7440, 9600, '2025-01-11 11:01:54', '2025-01-11 11:01:54'),
(436, 9, '22k', 'E015', 'Earing 22k', 1, 4650, 6000, 2.1, 9765, 12600, '2025-01-11 11:02:05', '2025-01-11 11:02:05'),
(437, 9, '22k', 'E016', 'Earing 22k', 1, 4650, 6000, 1.5, 6975, 9000, '2025-01-11 11:02:14', '2025-01-11 11:02:14'),
(438, 9, '22k', 'E017', 'Earing 22k', 1, 4650, 6000, 1.6, 7440, 9600, '2025-01-11 11:02:26', '2025-01-11 11:02:26'),
(439, 9, '22k', 'E018', 'Earing 22k', 1, 4650, 6000, 2.2, 10230, 13200, '2025-01-11 11:02:37', '2025-01-11 11:02:37'),
(440, 9, '22k', 'E019', 'Earing 22k', 1, 4650, 6000, 2.1, 9765, 12600, '2025-01-11 11:02:51', '2025-01-11 11:02:51'),
(441, 9, '22k', 'E020', 'Earing 22k', 1, 4650, 6000, 1.9, 8835, 11400, '2025-01-11 11:03:04', '2025-01-11 11:03:04'),
(442, 9, '22k', 'E021', 'Earing 22k', 1, 4650, 6000, 2, 9300, 12000, '2025-01-11 11:03:14', '2025-01-11 11:03:14'),
(443, 9, '22k', 'E022', 'Earing 22k', 1, 4650, 6000, 1.9, 8835, 11400, '2025-01-11 11:03:24', '2025-01-11 11:03:24'),
(444, 9, '22k', 'E023', 'Earing 22k', 1, 4650, 6000, 1.8, 8370, 10800, '2025-01-11 11:03:35', '2025-01-11 11:03:35'),
(445, 9, '22k', 'E024', 'Earing 22k', 1, 4650, 6000, 2.1, 9765, 12600, '2025-01-11 11:03:45', '2025-01-11 11:03:45'),
(446, 9, '22k', 'E025', 'Earing 22k', 1, 4650, 6000, 2.2, 10230, 13200, '2025-01-11 11:03:55', '2025-01-11 11:03:55'),
(447, 9, '22k', 'E026', 'Earing 22k', 1, 4650, 6000, 2.4, 11160, 14400, '2025-01-11 11:04:08', '2025-01-11 11:04:08'),
(448, 9, '22k', 'E027', 'Earing 22k', 1, 4650, 6000, 3.2, 14880, 19200, '2025-01-11 11:04:19', '2025-01-11 11:04:19'),
(449, 9, '22k', 'E028', 'Earing 22k', 1, 4650, 6000, 1.7, 7905, 10200, '2025-01-11 11:06:22', '2025-01-11 11:06:22'),
(450, 9, '22k', 'A001', 'ASE 22k', 1, 4650, 6000, 1.4, 6510, 8400, '2025-01-11 11:10:13', '2025-01-11 11:10:13'),
(451, 9, '22k', 'A002', 'ASE 22k', 1, 4650, 6000, 2.3, 10695, 13800, '2025-01-11 11:10:32', '2025-01-11 11:10:32'),
(452, 9, '22k', 'A003', 'ASE 22k', 1, 4650, 6000, 2.3, 10695, 13800, '2025-01-11 11:10:41', '2025-01-11 11:10:41'),
(453, 9, '22k', 'A004', 'ASE 22k', 1, 4650, 6000, 1.8, 8370, 10800, '2025-01-11 11:10:58', '2025-01-11 11:10:58'),
(454, 9, '22k', 'A005', 'ASE 22k', 1, 4650, 6000, 0.9, 4185, 5400, '2025-01-11 11:11:09', '2025-01-11 11:11:09'),
(455, 9, '22k', 'A006', 'ASE 22k', 1, 4650, 6000, 1.2, 5580, 7200, '2025-01-11 11:11:20', '2025-01-11 11:11:20'),
(456, 9, '22k', 'A007', 'ASE 22k', 1, 4650, 6000, 2.2, 10230, 13200, '2025-01-11 11:11:33', '2025-01-11 11:11:33'),
(457, 9, '22k', 'A008', 'ASE 22k', 1, 4650, 6000, 2.6, 12090, 15600, '2025-01-11 11:11:43', '2025-01-11 11:11:43'),
(458, 9, '22k', 'L001', 'Loop 22k', 0, 4650, 6000, 1, 4650, 6000, '2025-01-11 11:14:29', '2025-01-26 14:30:38'),
(459, 9, '22k', 'L002', 'Loop 22k', 1, 4650, 6000, 1.3, 6045, 7800, '2025-01-11 11:14:40', '2025-01-11 11:14:40'),
(460, 9, '22k', 'L003', 'Loop 22k', 1, 4650, 6000, 0.85, 3952.5, 5100, '2025-01-11 11:14:54', '2025-01-11 11:14:54'),
(461, 9, '22k', 'D001', 'Dangling Earing 22k', 1, 4650, 6000, 1.4, 6510, 8400, '2025-01-11 11:16:43', '2025-01-11 11:16:43'),
(462, 8, '21k', 'S001', 'Stud Earing 21k', 1, 4900, 5500, 1.11, 5439, 6105, '2025-01-11 11:20:52', '2025-01-11 11:20:52'),
(463, 8, '21k', 'S002', 'Stud Earing 21k', 1, 4900, 5500, 3.1, 15190, 17050, '2025-01-11 11:21:05', '2025-01-11 11:21:05'),
(464, 8, '21k', 'S003', 'Stud Earing 21k', 1, 4900, 5500, 2.4, 11760, 13200, '2025-01-11 11:21:16', '2025-01-11 11:21:16'),
(465, 8, '21k', 'S004', 'Stud Earing 21k', 1, 4900, 5500, 2.4, 11760, 13200, '2025-01-11 11:21:26', '2025-01-11 11:21:26'),
(466, 8, '21k', 'S005', 'Stud Earing 21k', 1, 4900, 5500, 1.7, 8330, 9350, '2025-01-11 11:21:37', '2025-01-11 11:21:37'),
(467, 8, '21k', 'S006', 'Stud Earing 21k', 1, 4900, 5500, 1.7, 8330, 9350, '2025-01-11 11:21:55', '2025-01-11 11:21:55'),
(468, 8, '21k', 'S007', 'Stud Earing 21k', 1, 4900, 5500, 1.8, 8820, 9900, '2025-01-11 11:22:06', '2025-01-11 11:22:06'),
(469, 8, '21k', 'S008', 'Stud Earing 21k', 1, 4900, 5500, 1.8, 8820, 9900, '2025-01-11 11:22:17', '2025-01-11 11:22:17'),
(470, 8, '21k', 'S009', 'Stud Earing 21k', 1, 4900, 5500, 3.1, 15190, 17050, '2025-01-11 11:22:28', '2025-01-11 11:22:28'),
(471, 8, '21k', 'S010', 'Stud Earing 21k', 1, 4900, 5500, 2.7, 13230, 14850, '2025-01-11 11:22:38', '2025-01-11 11:22:38'),
(472, 8, '21k', 'S011', 'Stud Earing 21k', 1, 4900, 5500, 2.6, 12740, 14300, '2025-01-11 11:22:51', '2025-01-11 11:22:51'),
(473, 8, '21k', 'S012', 'Stud Earing 21k', 1, 4900, 5500, 1.9, 9310, 10450, '2025-01-11 11:23:08', '2025-01-11 11:23:08'),
(474, 8, '21k', 'S013', 'Stud Earing 21k', 0, 4900, 5500, 1.9, 9310, 10450, '2025-01-11 11:23:19', '2025-01-11 11:23:19'),
(475, 8, '21k', 'S014', 'Stud Earing 21k', 0, 4900, 5500, 1.5, 7350, 8250, '2025-01-11 11:23:29', '2025-01-26 14:33:41'),
(476, 8, '21k', 'S015', 'Stud Earing 21k', 1, 4900, 5500, 9.7, 47530, 53350, '2025-01-11 11:23:40', '2025-01-11 11:23:40'),
(477, 8, '21k', 'E029', 'Earing 21k', 1, 4900, 5500, 3.8, 18620, 20900, '2025-01-11 11:27:12', '2025-01-11 11:27:12'),
(478, 8, '21k', 'E030', 'Earing 21k', 1, 4900, 5500, 2, 9800, 11000, '2025-01-11 11:27:26', '2025-01-11 11:27:26'),
(479, 8, '21k', 'E031', 'Earing 21k', 0, 4900, 5500, 1.4, 6860, 7700, '2025-01-11 11:27:35', '2025-01-16 11:01:47'),
(480, 8, '21k', 'E032', 'Earing 21k', 1, 4900, 5500, 3.8, 18620, 20900, '2025-01-11 11:27:49', '2025-01-11 11:27:49'),
(481, 8, '21k', 'L004', 'Loop 21k', 1, 4900, 5500, 3.7, 18130, 20350, '2025-01-11 11:30:16', '2025-01-11 11:30:16'),
(482, 8, '21k', 'D002', 'Dangling 21k', 1, 4900, 5500, 5.3, 25970, 29150, '2025-01-11 11:31:49', '2025-01-11 11:31:49'),
(483, 8, '18k', 'S016', 'Stud Earing 18k', 1, 4450, 5000, 1.9, 8455, 9500, '2025-01-11 11:48:09', '2025-01-11 11:48:09'),
(484, 8, '18k', 'S017', 'Stud Earing 18k', 1, 4450, 5000, 1.9, 8455, 9500, '2025-01-11 11:48:24', '2025-01-11 11:48:24'),
(485, 8, '18k', 'S018', 'Stud Earing 18k', 1, 4450, 5000, 1.9, 8455, 9500, '2025-01-11 11:48:39', '2025-01-11 11:48:39');
INSERT INTO `products` (`id`, `supplier_id`, `gold_type`, `productcode`, `productname`, `quantity`, `cost_per_gram`, `price_per_gram`, `grams`, `cost`, `price`, `created_at`, `updated_at`) VALUES
(486, 8, '18k', 'S019', 'Stud Earing 18k', 1, 4450, 5000, 1.7, 7565, 8500, '2025-01-11 11:49:10', '2025-01-11 11:49:10'),
(487, 8, '18k', 'S020', 'Stud Earing 18k', 1, 4450, 5000, 1.7, 7565, 8500, '2025-01-11 11:49:22', '2025-01-11 11:49:22'),
(488, 8, '18k', 'S021', 'Stud Earing 18k', 1, 4450, 5000, 3.1, 13795, 15500, '2025-01-11 11:49:33', '2025-01-11 11:49:33'),
(489, 8, '18k', 'S022', 'Stud Earing 18k', 1, 4450, 5000, 2.1, 9345, 10500, '2025-01-11 11:49:43', '2025-01-11 11:49:43'),
(490, 8, '18k', 'S023', 'Stud Earing 18k', 1, 4450, 5000, 3.1, 13795, 15500, '2025-01-11 11:49:54', '2025-01-11 11:49:54'),
(491, 8, '18k', 'S024', 'Stud Earing 18k', 1, 4450, 5000, 1.1, 4895, 5500, '2025-01-11 11:50:05', '2025-01-11 11:50:05'),
(492, 8, '18k', 'S025', 'Stud Earing 18k', 0, 4450, 5000, 0.7, 3115, 3500, '2025-01-11 11:52:03', '2025-01-11 11:52:03'),
(493, 8, '18k', 'S026', 'Stud Earing 18k', 1, 4450, 5000, 0.7, 3115, 3500, '2025-01-11 11:52:13', '2025-01-11 11:52:13'),
(494, 8, '18k', 'S027', 'Stud Earing 18k', 1, 4450, 5000, 0.7, 3115, 3500, '2025-01-11 11:52:24', '2025-01-11 11:52:24'),
(495, 8, '18k', 'S028', 'Stud Earing 18k', 1, 4450, 5000, 0.7, 3115, 3500, '2025-01-11 11:52:33', '2025-01-11 11:52:33'),
(496, 8, '18k', 'S029', 'Stud Earing 18k', 1, 4450, 5000, 0.7, 3115, 3500, '2025-01-11 11:52:44', '2025-01-11 11:52:44'),
(497, 8, '18k', 'S030', 'Stud Earing 18k', 1, 4450, 5000, 0.6, 2670, 3000, '2025-01-11 11:52:53', '2025-01-11 11:52:53'),
(498, 8, '18k', 'S031', 'Stud Earing 18k', 1, 4450, 5000, 0.6, 2670, 3000, '2025-01-11 11:53:02', '2025-01-11 11:53:02'),
(499, 8, '18k', 'S032', 'Stud Earing 18k', 1, 4450, 5000, 0.6, 2670, 3000, '2025-01-11 11:53:11', '2025-01-11 11:53:11'),
(500, 8, '18k', 'S033', 'Stud Earing 18k', 1, 4450, 5000, 0.6, 2670, 3000, '2025-01-11 11:53:20', '2025-01-11 11:53:20'),
(501, 8, '18k', 'S034', 'Stud Earing 18k', 0, 4450, 5000, 0.4, 1780, 2000, '2025-01-11 11:53:31', '2025-01-11 11:53:31'),
(502, 8, '18k', 'S035', 'Stud Earing 18k', 0, 4450, 5000, 0.4, 1780, 2000, '2025-01-11 11:53:42', '2025-01-11 11:53:42'),
(503, 8, '18k', 'S036', 'Stud Earing 18k', 0, 4450, 5000, 0.4, 1780, 2000, '2025-01-11 11:53:52', '2025-01-11 11:53:52'),
(504, 8, '18k', 'S037', 'Stud Earing 18k', 0, 4450, 5000, 0.4, 1780, 2000, '2025-01-11 11:54:00', '2025-01-11 11:54:00'),
(505, 8, '18k', 'S038', 'Stud Earing 18k', 1, 4450, 5000, 0.4, 1780, 2000, '2025-01-11 11:54:09', '2025-01-11 11:54:09'),
(506, 8, '18k', 'S039', 'Stud Earing 18k', 1, 4450, 5000, 0.4, 1780, 2000, '2025-01-11 11:54:18', '2025-01-11 11:54:18'),
(507, 8, '18k', 'S040', 'Stud Earing 18k', 1, 4450, 5000, 0.4, 1780, 2000, '2025-01-11 11:55:00', '2025-01-11 11:55:00'),
(508, 8, '18k', 'S041', 'Stud Earing 18k', 1, 4450, 5000, 0.4, 1780, 2000, '2025-01-11 11:55:09', '2025-01-11 11:55:09'),
(509, 8, '18k', 'S042', 'Stud Earing 18k', 1, 4450, 5000, 0.4, 1780, 2000, '2025-01-11 11:58:05', '2025-01-11 11:58:05'),
(510, 8, '18k', 'S043', 'Stud Earing 18k', 1, 4450, 5000, 0.4, 1780, 2000, '2025-01-11 11:58:16', '2025-01-11 11:58:16'),
(511, 8, '18k', 'S044', 'Stud Earing 18k', 1, 4450, 5000, 0.4, 1780, 2000, '2025-01-11 11:58:24', '2025-01-11 11:58:24'),
(512, 8, '18k', 'S045', 'Stud Earing 18k', 1, 4450, 5000, 0.4, 1780, 2000, '2025-01-11 11:58:33', '2025-01-11 11:58:33'),
(513, 8, '18k', 'S046', 'Stud Earing 18k', 1, 4450, 5000, 0.4, 1780, 2000, '2025-01-11 11:58:41', '2025-01-11 11:58:41'),
(514, 8, '18k', 'S047', 'Stud Earing 18k', 1, 4450, 5000, 0.4, 1780, 2000, '2025-01-11 11:58:49', '2025-01-11 11:58:49'),
(515, 8, '18k', 'S048', 'Stud Earing 18k', 1, 4450, 5000, 0.4, 1780, 2000, '2025-01-11 11:58:57', '2025-01-11 11:58:57'),
(516, 8, '18k', 'S049', 'Stud Earing 18k', 1, 4450, 5000, 0.4, 1780, 2000, '2025-01-11 11:59:05', '2025-01-11 11:59:05'),
(517, 8, '18k', 'S050', 'Stud Earing 18k', 1, 4450, 5000, 0.4, 1780, 2000, '2025-01-11 11:59:18', '2025-01-11 11:59:18'),
(518, 8, '18k', 'S051', 'Stud Earing 18k', 1, 4450, 5000, 0.3, 1335, 1500, '2025-01-11 11:59:37', '2025-01-11 11:59:37'),
(519, 8, '18k', 'T001', 'Tictac 18k', 1, 4450, 5000, 0.6, 2670, 3000, '2025-01-11 12:01:49', '2025-01-11 12:01:49'),
(520, 8, '18k', 'T002', 'Tictac 18k', 1, 4450, 5000, 0.5, 2225, 2500, '2025-01-11 12:01:59', '2025-01-11 12:01:59'),
(521, 8, '18k', 'T003', 'Tictac 18k', 1, 4450, 5000, 0.5, 2225, 2500, '2025-01-11 12:02:09', '2025-01-11 12:02:09'),
(522, 8, '18k', 'T004', 'Tictac 18k', 1, 4450, 5000, 0.5, 2225, 2500, '2025-01-11 12:03:10', '2025-01-11 12:03:10'),
(523, 8, '18k', 'T005', 'Tictac 18k', 0, 4450, 5000, 0.7, 3115, 3500, '2025-01-11 12:03:21', '2025-01-16 13:58:06'),
(524, 8, '18k', 'E033', 'Earing 18k', 0, 4450, 5000, 1.7, 7565, 8500, '2025-01-11 12:05:18', '2025-01-26 11:23:19'),
(525, 8, '18k', 'E034', 'Earing 18k', 1, 4450, 5000, 2, 8900, 10000, '2025-01-11 12:05:29', '2025-01-11 12:05:29'),
(526, 8, '18k', 'E035', 'Earing 18k', 0, 4450, 5000, 0.9, 4005, 4500, '2025-01-11 12:05:41', '2025-01-11 12:05:41'),
(527, 8, '18k', 'E036', 'Earing 18k', 1, 4450, 5000, 0.9, 4005, 4500, '2025-01-11 12:05:53', '2025-01-11 12:05:53'),
(528, 8, '18k', 'C075', 'Clip Earing 18k', 1, 4450, 5000, 1.8, 8010, 9000, '2025-01-11 12:07:48', '2025-01-11 12:07:48'),
(529, 8, '18k', 'C076', 'Clip Earing 18k', 1, 4450, 5000, 1.8, 8010, 9000, '2025-01-11 12:08:00', '2025-01-11 12:08:00'),
(530, 8, '18k', 'C077', 'Clip Earing 18k', 1, 4450, 5000, 2, 8900, 10000, '2025-01-11 12:08:10', '2025-01-11 12:08:10'),
(531, 8, '18k', 'C078', 'Clip Earing 18k', 1, 4450, 5000, 2, 8900, 10000, '2025-01-11 12:08:20', '2025-01-11 12:08:20'),
(532, 8, '18k', 'C079', 'Clip Earing 18k', 1, 4450, 5000, 2.1, 9345, 10500, '2025-01-11 12:08:36', '2025-01-11 12:08:36'),
(533, 8, '18k', 'C080', 'Clip Earing 18k', 1, 4450, 5000, 2, 8900, 10000, '2025-01-11 12:08:48', '2025-01-11 12:08:48'),
(534, 8, '18k', 'C081', 'Clip Earing 18k', 1, 4450, 5000, 2, 8900, 10000, '2025-01-11 12:08:59', '2025-01-11 12:08:59'),
(535, 8, '18k', 'C082', 'Clip Earing 18k', 1, 4450, 5000, 2, 8900, 10000, '2025-01-11 12:09:11', '2025-01-11 12:09:11'),
(536, 8, '18k', 'C083', 'Clip Earing 18k', 1, 4450, 5000, 2, 8900, 10000, '2025-01-11 12:09:23', '2025-01-11 12:09:23'),
(537, 8, '18k', 'C084', 'Clip Earing 18k', 1, 4450, 5000, 2.1, 9345, 10500, '2025-01-11 12:09:33', '2025-01-11 12:09:33'),
(538, 8, '18k', 'C085', 'Clip Earing 18k', 1, 4450, 5000, 1.9, 8455, 9500, '2025-01-11 12:09:44', '2025-01-11 12:09:44'),
(539, 8, '18k', 'C086', 'Clip Earing 18k', 1, 4450, 5000, 2, 8900, 10000, '2025-01-11 12:09:53', '2025-01-11 12:09:53'),
(540, 8, '21k', 'B001', 'Bangle 21k', 1, 4900, 5500, 20, 98000, 110000, '2025-01-11 12:14:09', '2025-01-11 12:14:09'),
(541, 8, '21k', 'B002', 'Bangle 21k', 1, 4900, 5500, 21.7, 106330, 119350, '2025-01-11 12:14:21', '2025-01-11 12:14:21'),
(542, 8, '21k', 'B003', 'Bangle 21k', 1, 4900, 5500, 5.4, 26460, 29700, '2025-01-11 12:14:32', '2025-01-11 12:14:32'),
(543, 8, '21k', 'B004', 'Bangle 21k', 0, 4900, 5500, 7, 34300, 38500, '2025-01-11 12:14:43', '2025-01-11 12:14:43'),
(544, 8, '21k', 'B005', 'Bangle 21k', 0, 4900, 5500, 5, 24500, 27500, '2025-01-11 12:14:54', '2025-01-11 12:14:54'),
(545, 8, '21k', 'B006', 'Bangle 21k', 0, 4900, 5500, 5, 24500, 27500, '2025-01-11 12:15:04', '2025-01-11 12:15:04'),
(546, 8, '21k', 'B007', 'Bangle 21k', 0, 4900, 5500, 5, 24500, 27500, '2025-01-11 12:15:14', '2025-01-11 12:15:14'),
(547, 8, '21k', 'B008', 'Bangle 21k', 0, 4900, 5500, 5, 24500, 27500, '2025-01-11 12:15:27', '2025-01-11 12:15:27'),
(548, 8, '21k', 'B009', 'Bangle 21k', 1, 4900, 5500, 23.32, 114268, 128260, '2025-01-11 12:17:44', '2025-01-11 12:17:44'),
(549, 8, '21k', 'B010', 'Bangle With Ring 21k', 1, 4900, 5500, 28.2, 138180, 155100, '2025-01-11 12:19:21', '2025-01-11 12:19:21'),
(550, 8, '21k', 'B011', 'Bangle With Ring 21k', 1, 4900, 5500, 15.6, 76440, 85800, '2025-01-11 12:19:33', '2025-01-11 12:19:33'),
(551, 8, '21k', 'B012', 'Bangle With Ring 21k', 1, 4900, 5500, 19.1, 93590, 105050, '2025-01-11 12:22:43', '2025-01-11 12:22:43'),
(552, 8, '21k', 'B013', 'Bangle With Ring 21k', 1, 4900, 5500, 25.2, 123480, 138600, '2025-01-11 12:22:57', '2025-01-11 12:22:57'),
(553, 8, '21k', 'B014', 'Bracelet 21k', 1, 4900, 5500, 7.9, 38710, 43450, '2025-01-11 12:24:42', '2025-01-11 12:24:42'),
(554, 8, '21k', 'B015', 'Bracelet 21k', 1, 4900, 5500, 5.1, 24990, 28050, '2025-01-11 12:24:54', '2025-01-11 12:24:54'),
(555, 8, '21k', 'B016', 'Bracelet 21k', 1, 4900, 5500, 5, 24500, 27500, '2025-01-11 12:25:07', '2025-01-11 12:25:07'),
(556, 8, '21k', 'B017', 'Bracelet 21k', 1, 4900, 5500, 5, 24500, 27500, '2025-01-11 12:25:17', '2025-01-11 12:25:17'),
(557, 8, '21k', 'B018', 'Bracelet 21k', 1, 4900, 5500, 4.8, 23520, 26400, '2025-01-11 12:25:27', '2025-01-11 12:25:27'),
(558, 8, '21k', 'B019', 'Bracelet 21k', 1, 4900, 5500, 4.2, 20580, 23100, '2025-01-11 12:25:41', '2025-01-11 12:25:41'),
(559, 8, '21k', 'B020', 'Bracelet 21k', 1, 4900, 5500, 6.73, 32977, 37015, '2025-01-11 12:25:54', '2025-01-11 12:25:54'),
(560, 8, '21k', 'B021', 'Bracelet 21k', 1, 4900, 5500, 9.5, 46550, 52250, '2025-01-11 12:26:07', '2025-01-11 12:26:07'),
(561, 8, '21k', 'B022', 'Bracelet 21k', 1, 4900, 5500, 9.3, 45570, 51150, '2025-01-11 12:26:22', '2025-01-11 12:26:22'),
(562, 8, '21k', 'B023', 'Bracelet 21k', 1, 4900, 5500, 8.4, 41160, 46200, '2025-01-11 12:26:33', '2025-01-11 12:26:33'),
(563, 8, '21k', 'B024', 'Bracelet 21k', 1, 4900, 5500, 7.5, 36750, 41250, '2025-01-11 12:26:50', '2025-01-11 12:26:50'),
(564, 8, '21k', 'B025', 'Bracelet 21k', 1, 4900, 5500, 6.1, 29890, 33550, '2025-01-11 12:27:04', '2025-01-11 12:27:04'),
(565, 8, '21k', 'B026', 'Bracelet 21k', 1, 4900, 5500, 7.6, 37240, 41800, '2025-01-11 12:27:14', '2025-01-11 12:27:14'),
(566, 8, '21k', 'B027', 'Bracelet 21k', 1, 4900, 5500, 2.1, 10290, 11550, '2025-01-11 12:27:25', '2025-01-11 12:27:25'),
(567, 8, '21k', 'B028', 'Bracelet 21k', 1, 4900, 5500, 8.7, 42630, 47850, '2025-01-11 12:31:41', '2025-01-11 12:31:41'),
(568, 8, '21k', 'B029', 'Bracelet 21k', 1, 4900, 5500, 5.6, 27440, 30800, '2025-01-11 12:31:53', '2025-01-11 12:31:53'),
(569, 8, '21k', 'B030', 'Bracelet 21k', 1, 4900, 5500, 8.6, 42140, 47300, '2025-01-11 12:32:03', '2025-01-11 12:32:03'),
(570, 8, '21k', 'B031', 'Bracelet 21k', 1, 4900, 5500, 4.9, 24010, 26950, '2025-01-11 12:32:14', '2025-01-11 12:32:14'),
(571, 8, '21k', 'B032', 'Bracelet 21k', 1, 4900, 5500, 5, 24500, 27500, '2025-01-11 12:32:25', '2025-01-11 12:32:25'),
(572, 8, '21k', 'B033', 'Bracelet 21k', 1, 4900, 5500, 10.1, 49490, 55550, '2025-01-11 12:32:34', '2025-01-11 12:32:34'),
(573, 8, '21k', 'B034', 'Bracelet 21k', 1, 4900, 5500, 5.1, 24990, 28050, '2025-01-11 12:33:46', '2025-01-11 12:33:46'),
(574, 8, '21k', 'B035', 'Bracelet 21k', 1, 4900, 5500, 7.2, 35280, 39600, '2025-01-11 12:33:57', '2025-01-11 12:33:57'),
(575, 8, '21k', 'B036', 'Bracelet 21k', 1, 4900, 5500, 5.3, 25970, 29150, '2025-01-11 12:34:08', '2025-01-11 12:34:08'),
(576, 8, '21k', 'B037', 'Bracelet 21k', 0, 4900, 5500, 2, 9800, 11000, '2025-01-11 12:34:18', '2025-01-16 13:58:06'),
(577, 8, '21k', 'B038', 'Bracelet 21k', 1, 4900, 5500, 6.1, 29890, 33550, '2025-01-11 12:34:35', '2025-01-11 12:34:35'),
(578, 8, '18k', 'B039', 'Bracelet 18k', 0, 4450, 5000, 0.8, 3560, 4000, '2025-01-11 12:38:40', '2025-02-01 12:49:21'),
(579, 8, '18k', 'B040', 'Bracelet 18k', 1, 4450, 5000, 7, 31150, 35000, '2025-01-11 12:38:51', '2025-01-11 12:38:51'),
(580, 8, '18k', 'B041', 'Bracelet 18k', 1, 4450, 5000, 5.1, 22695, 25500, '2025-01-11 12:39:30', '2025-01-11 12:39:30'),
(581, 8, '18k', 'B042', 'Bracelet 18k', 1, 4450, 5000, 7, 31150, 35000, '2025-01-11 12:39:42', '2025-01-11 12:39:42'),
(582, 8, '18k', 'B043', 'Bracelet 18k', 1, 4450, 5000, 0.8, 3560, 4000, '2025-01-11 12:39:54', '2025-01-11 12:39:54'),
(583, 8, '18k', 'B044', 'Bracelet 18k', 1, 4450, 5000, 5.8, 25810, 29000, '2025-01-11 12:40:05', '2025-01-11 12:40:05'),
(584, 8, '18k', 'B045', 'Bracelet 18k', 1, 4450, 5000, 8.7, 38715, 43500, '2025-01-11 12:40:17', '2025-01-11 12:40:17'),
(585, 8, '18k', 'B046', 'Bracelet 18k', 1, 4450, 5000, 6.8, 30260, 34000, '2025-01-11 12:41:46', '2025-01-11 12:41:46'),
(586, 8, '18k', 'B047', 'Bracelet 18k', 1, 4450, 5000, 6.5, 28925, 32500, '2025-01-11 12:41:56', '2025-01-11 12:41:56'),
(587, 8, '18k', 'B048', 'Bracelet 18k', 1, 4450, 5000, 6.5, 28925, 32500, '2025-01-11 12:42:10', '2025-01-11 12:42:10'),
(588, 8, '18k', 'B049', 'Bracelet 18k', 1, 4450, 5000, 4.3, 19135, 21500, '2025-01-11 12:42:20', '2025-01-11 12:42:20'),
(589, 8, '18k', 'B050', 'Bracelet 18k', 1, 4450, 5000, 2.9, 12905, 14500, '2025-01-11 12:42:33', '2025-01-11 12:42:33'),
(590, 8, '18k', 'B051', 'Bracelet 18k', 1, 4450, 5000, 3.4, 15130, 17000, '2025-01-11 12:42:44', '2025-01-11 12:42:44'),
(591, 8, '18k', 'B052', 'Bracelet 18k', 1, 4450, 5000, 7.4, 32930, 37000, '2025-01-11 12:43:22', '2025-01-11 12:43:22'),
(592, 8, '18k', 'B053', 'Bracelet 18k', 1, 4450, 5000, 6.9, 30705, 34500, '2025-01-11 12:43:37', '2025-01-11 12:43:37'),
(593, 8, '18k', 'B054', 'Bracelet 18k', 0, 4450, 5000, 3.6, 16020, 18000, '2025-01-11 12:43:50', '2025-01-30 12:22:15'),
(594, 8, '18k', 'B055', 'Bracelet 18k', 0, 4450, 5000, 3.7, 16465, 18500, '2025-01-11 12:44:03', '2025-01-11 12:44:03'),
(595, 8, '18k', 'B056', 'Bangle 18k', 1, 4450, 5000, 29.2, 129940, 146000, '2025-01-11 12:47:48', '2025-01-11 12:47:48'),
(596, 8, '18k', 'B057', 'Bangle 18k', 1, 4450, 5000, 6.2, 27590, 31000, '2025-01-11 12:47:59', '2025-01-11 12:47:59'),
(597, 8, '18k', 'B058', 'Bangle 18k', 1, 4450, 5000, 10.5, 46725, 52500, '2025-01-11 12:48:13', '2025-01-11 12:48:13'),
(598, 8, '18k', 'B059', 'Bangle 18k', 1, 4450, 5000, 12.8, 56960, 64000, '2025-01-11 12:48:25', '2025-01-11 12:48:25'),
(599, 8, '18k', 'B060', 'Bangle 18k', 1, 4450, 5000, 7.5, 33375, 37500, '2025-01-11 12:48:36', '2025-01-11 12:48:36'),
(600, 8, '18k', 'B061', 'Bangle 18k', 1, 4450, 5000, 3.2, 14240, 16000, '2025-01-11 12:48:46', '2025-01-11 12:48:46'),
(601, 8, '18k', 'B062', 'Bangle 18k', 0, 4450, 5000, 3.6, 16020, 18000, '2025-01-11 12:49:04', '2025-01-25 05:41:34'),
(602, 8, '18k', 'B063', 'Bangle 18k', 1, 4450, 5000, 10.4, 46280, 52000, '2025-01-11 12:49:18', '2025-01-11 12:49:18'),
(603, 8, '18k', 'B064', 'Bangle 18k', 1, 4450, 5000, 10.7, 47615, 53500, '2025-01-11 12:49:28', '2025-01-11 12:49:28'),
(604, 8, '18k', 'B065', 'Bangle 18k', 1, 4450, 5000, 10, 44500, 50000, '2025-01-11 12:49:39', '2025-01-11 12:49:39'),
(605, 8, '18k', 'B066', 'Bangle 18k', 1, 4450, 5000, 7.2, 32040, 36000, '2025-01-11 12:49:49', '2025-01-11 12:49:49'),
(606, 8, '18k', 'B067', 'Bangle 18k', 1, 4450, 5000, 5.8, 25810, 29000, '2025-01-11 12:50:00', '2025-01-11 12:50:00'),
(607, 8, '18k', 'B068', 'Bangle 18k', 1, 4450, 5000, 8.5, 37825, 42500, '2025-01-11 12:50:10', '2025-01-11 12:50:10'),
(608, 8, '18k', 'B069', 'Bangle 18k', 1, 4450, 5000, 7.3, 32485, 36500, '2025-01-11 12:52:55', '2025-01-11 12:52:55'),
(609, 8, '18k', 'B070', 'Bangle 18k', 1, 4450, 5000, 6.8, 30260, 34000, '2025-01-11 12:53:10', '2025-01-11 12:53:10'),
(610, 8, '18k', 'B071', 'Bangle 18k', 1, 4450, 5000, 3.3, 14685, 16500, '2025-01-11 12:53:23', '2025-01-11 12:53:23'),
(611, 8, '18k', 'B072', 'Bangle 18k', 1, 4450, 5000, 5.5, 24475, 27500, '2025-01-11 12:53:34', '2025-01-11 12:53:34'),
(612, 8, '18k', 'B073', 'Bangle 18k', 1, 4450, 5000, 8.2, 36490, 41000, '2025-01-11 12:53:46', '2025-01-11 12:53:46'),
(613, 8, '18k', 'B074', 'Bangle 18k', 1, 4450, 5000, 5.9, 26255, 29500, '2025-01-11 12:53:56', '2025-01-11 12:53:56'),
(614, 8, '18k', 'B075', 'Bangle 18k', 0, 4450, 5000, 3.2, 14240, 16000, '2025-01-11 12:54:06', '2025-01-11 12:54:06'),
(615, 8, '18k', 'B076', 'Bangle 18k', 1, 4450, 5000, 3.2, 14240, 16000, '2025-01-11 12:54:16', '2025-01-11 12:54:16'),
(616, 8, '18k', 'B077', 'Bangle 18k', 1, 4450, 5000, 6.8, 30260, 34000, '2025-01-11 12:54:30', '2025-01-11 12:54:30'),
(617, 8, '18k', 'B078', 'Bangle 18k', 1, 4450, 5000, 29.2, 129940, 146000, '2025-01-11 12:54:43', '2025-01-11 12:54:43'),
(618, 8, '22k', 'B079', 'Bracelet 22k', 1, 4650, 6000, 5.4, 25110, 32400, '2025-01-11 12:58:03', '2025-01-11 12:58:03'),
(619, 8, '22k', 'B080', 'Bracelet 22k', 1, 4650, 6000, 6.8, 31620, 40800, '2025-01-11 12:58:17', '2025-01-11 12:58:17'),
(620, 8, '22k', 'B081', 'Bracelet 22k', 1, 4650, 6000, 17.5, 81375, 105000, '2025-01-11 12:58:29', '2025-01-11 12:58:29'),
(621, 8, '22k', 'B082', 'Bracelet 22k', 1, 4650, 6000, 14, 65100, 84000, '2025-01-11 12:58:40', '2025-01-11 12:58:40'),
(622, 8, '22k', 'B083', 'Bracelet 22k', 1, 4650, 6000, 7.6, 35340, 45600, '2025-01-11 12:58:51', '2025-01-11 12:58:51'),
(623, 8, '22k', 'B084', 'Bracelet 22k', 1, 4650, 6000, 4.6, 21390, 27600, '2025-01-11 12:59:01', '2025-01-11 12:59:01'),
(624, 8, '22k', 'B085', 'Bracelet 22k', 0, 4650, 6000, 4.3, 19995, 25800, '2025-01-11 12:59:13', '2025-01-11 12:59:13'),
(625, 8, '22k', 'B086', 'Bracelet 22k', 1, 4650, 6000, 5.9, 27435, 35400, '2025-01-11 12:59:25', '2025-01-11 12:59:25'),
(626, 8, '22k', 'B087', 'Bracelet 22k', 1, 4650, 6000, 4.1, 19065, 24600, '2025-01-11 12:59:35', '2025-01-11 12:59:35'),
(627, 8, '22k', 'B088', 'Bracelet 22k', 1, 4650, 6000, 7.2, 33480, 43200, '2025-01-11 12:59:48', '2025-01-11 12:59:48'),
(628, 8, '22k', 'B089', 'Bracelet 22k', 0, 4650, 6000, 4.3, 19995, 25800, '2025-01-11 13:01:42', '2025-01-18 09:22:59'),
(629, 8, '22k', 'B090', 'Bracelet 22k', 1, 4650, 6000, 9.4, 43710, 56400, '2025-01-11 13:01:53', '2025-01-11 13:01:53'),
(630, 8, '22k', 'B091', 'Bracelet 22k', 1, 4650, 6000, 10.8, 50220, 64800, '2025-01-11 13:02:07', '2025-01-11 13:02:07'),
(631, 8, '22k', 'B092', 'Bracelet 22k', 1, 4650, 6000, 9.3, 43245, 55800, '2025-01-11 13:02:17', '2025-01-11 13:02:17'),
(632, 8, '22k', 'B093', 'Bracelet 22k', 0, 4650, 6000, 2.2, 10230, 13200, '2025-01-11 13:02:41', '2025-01-11 13:02:41'),
(633, 8, '22k', 'B094', 'Bracelet 22k', 1, 4650, 6000, 2.8, 13020, 16800, '2025-01-11 13:02:53', '2025-01-11 13:02:53'),
(634, 8, '22k', 'B095', 'Bracelet 22k', 1, 4650, 6000, 5.2, 24180, 31200, '2025-01-11 13:03:20', '2025-01-11 13:03:20'),
(635, 9, '22k', 'B096', 'Bracelet 22k', 1, 4650, 6000, 3.8, 17670, 22800, '2025-01-11 13:03:58', '2025-01-11 13:03:58'),
(636, 9, '22k', 'B097', 'Bracelet 22k', 1, 4650, 6000, 5.1, 23715, 30600, '2025-01-11 13:04:12', '2025-01-11 13:04:12'),
(637, 9, '22k', 'B098', 'Bracelet 22k', 1, 4650, 6000, 5.9, 27435, 35400, '2025-01-11 13:04:24', '2025-01-11 13:04:24'),
(638, 9, '22k', 'B099', 'Bracelet 22k', 1, 4650, 6000, 10.8, 50220, 64800, '2025-01-11 13:04:36', '2025-01-11 13:04:36'),
(639, 9, '22k', 'B100', 'Bracelet 22k', 1, 4650, 6000, 4.5, 20925, 27000, '2025-01-11 13:04:50', '2025-01-11 13:04:50'),
(640, 9, '22k', 'B101', 'Bracelet 22k', 0, 4650, 6000, 5.6, 26040, 33600, '2025-01-11 13:05:00', '2025-01-11 13:05:00'),
(641, 9, '22k', 'B102', 'Bracelet 22k', 1, 4650, 6000, 4.3, 19995, 25800, '2025-01-11 13:05:12', '2025-01-11 13:05:12'),
(642, 9, '22k', 'B103', 'Bracelet 22k', 1, 4650, 6000, 6.1, 28365, 36600, '2025-01-11 13:05:23', '2025-01-11 13:05:23'),
(643, 9, '22k', 'B104', 'Bracelet 22k', 1, 4650, 6000, 5.8, 26970, 34800, '2025-01-11 13:05:34', '2025-01-11 13:05:34'),
(644, 9, '22k', 'B105', 'Bracelet 22k', 1, 4650, 6000, 6.5, 30225, 39000, '2025-01-11 13:11:13', '2025-01-11 13:11:13'),
(645, 9, '22k', 'B106', 'Bracelet 22k', 1, 4650, 6000, 7.8, 36270, 46800, '2025-01-11 13:11:23', '2025-01-11 13:11:23'),
(646, 9, '22k', 'B107', 'Bracelet 22k', 1, 4650, 6000, 7.2, 33480, 43200, '2025-01-11 13:11:37', '2025-01-11 13:11:37'),
(647, 9, '22k', 'B108', 'Bracelet 22k', 1, 4650, 6000, 10.7, 49755, 64200, '2025-01-11 13:11:46', '2025-01-11 13:11:46'),
(648, 9, '22k', 'P010', 'Pendant 22k', 1, 4650, 6000, 3.4, 15810, 20400, '2025-01-15 11:40:09', '2025-01-15 11:40:09'),
(649, 9, '22k', 'P011', 'Pendant 22k', 1, 4650, 6000, 0.5, 2325, 3000, '2025-01-15 11:53:14', '2025-01-15 11:53:14'),
(650, 9, '22k', 'P012', 'Pendant 22k', 1, 4650, 6000, 0.9, 4185, 5400, '2025-01-15 11:53:37', '2025-01-15 11:53:37'),
(651, 9, '22k', 'P013', 'Pendant 22k', 1, 4650, 6000, 0.9, 4185, 5400, '2025-01-15 11:53:55', '2025-01-15 11:53:55'),
(652, 9, '22k', 'P014', 'Pendant 22k', 0, 4650, 6000, 2, 9300, 12000, '2025-01-15 11:54:28', '2025-01-15 11:54:28'),
(653, 9, '22k', 'P015', 'Pendant 22k', 1, 4650, 6000, 3.2, 14880, 19200, '2025-01-15 11:54:48', '2025-01-15 11:54:48'),
(654, 9, '22k', 'P016', 'Pendant 22k', 1, 4650, 6000, 2.5, 11625, 15000, '2025-01-15 11:55:08', '2025-01-15 11:55:08'),
(655, 9, '22k', 'P017', 'Pendant 22k', 1, 4650, 6000, 3.5, 16275, 21000, '2025-01-15 12:03:49', '2025-01-15 12:03:49'),
(656, 9, '22k', 'P018', 'Pendant 22k', 1, 4650, 6000, 0.6, 2790, 3600, '2025-01-15 12:04:21', '2025-01-15 12:04:21'),
(657, 9, '22k', 'P019', 'Pendant 22k', 1, 4650, 6000, 0.3, 1395, 1800, '2025-01-15 12:05:35', '2025-01-15 12:05:35'),
(658, 9, '22k', 'P020', 'Pendant 22k', 1, 4650, 6000, 0.3, 1395, 1800, '2025-01-15 12:05:50', '2025-01-15 12:05:50'),
(659, 9, '22k', 'P021', 'Pendant 22k', 1, 4650, 6000, 1.4, 6510, 8400, '2025-01-15 12:06:04', '2025-01-15 12:06:04'),
(660, 9, '22k', 'P022', 'Pendant 22k', 1, 4650, 6000, 3.5, 16275, 21000, '2025-01-15 12:07:08', '2025-01-15 12:07:08'),
(661, 9, '22k', 'P023', 'Pendant 22k', 1, 4650, 6000, 0.6, 2790, 3600, '2025-01-15 12:08:13', '2025-01-15 12:08:13'),
(662, 9, '21k', 'B109', 'Bangle 21k', 1, 4950, 5550, 20.8, 102960, 115440, '2025-01-19 14:04:19', '2025-01-19 14:04:19'),
(663, 8, '21k', 'B110', 'Bangle 21k', 1, 4950, 5550, 8.5, 42075, 47175, '2025-01-19 14:22:26', '2025-01-19 14:22:26'),
(664, 8, '21k', 'B111', 'Bangle 21k', 1, 4950, 5550, 7.44, 36828, 41292, '2025-01-19 14:44:15', '2025-01-19 14:44:15'),
(665, 8, '21k', 'B112', 'Bangle 21k', 1, 4950, 5550, 7.65, 37867.5, 42457.5, '2025-01-19 14:45:24', '2025-01-19 14:45:24'),
(666, 8, '21k', 'B113', 'Bangle 21k', 1, 4950, 5550, 9.59, 47470.5, 53224.5, '2025-01-19 14:46:11', '2025-01-19 14:46:11'),
(667, 8, '21k', 'B114', 'Bangle 21k', 1, 4950, 5550, 11.87, 58756.5, 65878.5, '2025-01-19 14:48:21', '2025-01-19 14:48:21'),
(668, 8, '21k', 'B115', 'Bangle 21k', 1, 4950, 5550, 12.39, 61330.5, 68764.5, '2025-01-19 15:14:03', '2025-01-19 15:14:03'),
(669, 8, '21k', 'B116', 'Bangle 21k', 1, 4950, 5550, 9.5, 47025, 52725, '2025-01-19 15:14:53', '2025-01-19 15:14:53'),
(670, 8, '21k', 'B117', 'Bangle 21k', 1, 4950, 5550, 9.21, 45589.5, 51115.5, '2025-01-19 15:15:29', '2025-01-19 15:15:29'),
(671, 8, '18k', 'B118', 'Bangle 18k', 1, 4400, 5000, 1.55, 6820, 7750, '2025-01-19 15:29:35', '2025-01-19 15:29:35'),
(672, 8, '18k', 'B119', 'Bangle 18k', 1, 4400, 5000, 1.46, 6424, 7300, '2025-01-19 15:30:16', '2025-01-19 15:30:16'),
(673, 8, '18k', 'B120', 'Bangle 18k', 1, 4400, 5000, 1.49, 6556, 7450, '2025-01-19 15:31:09', '2025-01-19 15:31:09'),
(678, 8, '22k', 'A009', 'AR229', 0, 4650, 6000, 1, 4900, 5500, '2025-01-23 09:06:27', '2025-01-23 09:08:03'),
(679, 8, '21k', 'J001', 'JTR83', 0, 4900, 5500, 2.8, 13720, 15400, '2025-01-23 14:09:28', '2025-01-23 14:09:56'),
(680, 8, '18k', 'B121', 'BNGL94', 0, 4450, 5000, 1.55, 6897.5, 7750, '2025-01-23 14:12:31', '2025-01-25 13:34:35'),
(681, 8, '18k', 'B122', 'BNGL95', 0, 4400, 5000, 1.46, 6424, 7300, '2025-01-23 14:15:40', '2025-01-23 14:17:41'),
(682, 8, '18k', 'B123', 'BNGL96', 1, 4450, 5000, 1.49, 6630.5, 7450, '2025-01-23 14:16:44', '2025-01-23 14:16:44'),
(683, 8, '21k', 'B124', 'BR 142', 1, 4950, 5500, 2.7, 13365, 14850, '2025-01-26 09:57:57', '2025-01-26 09:57:57'),
(684, 8, '21k', 'B125', 'BR 143', 1, 4950, 5500, 4.8, 23760, 26400, '2025-01-26 09:58:49', '2025-01-26 09:58:49'),
(685, 8, '21k', 'B126', 'BR 144', 1, 4950, 5500, 4.8, 23760, 26400, '2025-01-26 09:59:24', '2025-01-26 09:59:24'),
(686, 8, '21k', 'B127', 'BR 145', 1, 4950, 5500, 2.6, 12870, 14300, '2025-01-26 10:01:30', '2025-01-26 10:01:30'),
(687, 8, '21k', 'B128', 'BR103', 1, 4950, 5500, 5, 24750, 27500, '2025-01-26 12:19:37', '2025-01-26 12:19:37'),
(688, 8, '21k', 'B129', 'BNGL60', 1, 4950, 5500, 20.8, 102960, 114400, '2025-01-26 12:21:15', '2025-01-26 12:21:15'),
(689, 8, '18k', 'J002', 'JKC04', 1, 4450, 5000, 3.2, 14240, 16000, '2025-01-26 12:22:56', '2025-01-26 12:22:56'),
(690, 8, '21k', 'B130', 'BNGL61', 1, 4950, 5500, 8.5, 42075, 46750, '2025-01-27 07:20:14', '2025-01-27 07:20:14'),
(691, 8, '21k', 'B131', 'BNGL62', 1, 4950, 5500, 7.44, 36828, 40920, '2025-01-27 07:21:49', '2025-01-27 07:21:49'),
(692, 8, '21k', 'B132', 'BNGL63', 1, 4950, 5500, 7.65, 37867.5, 42075, '2025-01-27 07:22:46', '2025-01-27 07:22:46'),
(693, 8, '21k', 'B133', 'BNGL64', 0, 4950, 5500, 9.59, 47470.5, 52745, '2025-01-27 07:23:43', '2025-01-27 07:31:24'),
(694, 8, '21k', 'B134', 'BNGL65', 1, 4950, 5500, 11.87, 58756.5, 65285, '2025-01-27 07:25:01', '2025-01-27 07:25:01'),
(695, 8, '21k', 'B135', 'BNGL66', 1, 4950, 5500, 12.39, 61330.5, 68145, '2025-01-27 07:25:48', '2025-01-27 07:25:48'),
(696, 8, '21k', 'B136', 'BNGL67', 0, 4950, 5500, 9.5, 47025, 52250, '2025-01-27 07:27:25', '2025-01-27 07:31:24'),
(697, 8, '21k', 'B137', 'BNGL68', 1, 4950, 5500, 9.21, 45589.5, 50655, '2025-01-27 07:28:09', '2025-01-27 07:28:09'),
(698, 8, '21k', 'N001', 'NC105', 0, 4950, 5500, 3.22, 15939, 17710, '2025-01-28 05:58:25', '2025-01-28 06:04:49'),
(699, 8, '21k', 'N002', 'NC106', 1, 4950, 5500, 5.74, 28413, 31570, '2025-01-28 08:28:10', '2025-01-28 08:28:10'),
(700, 8, '21k', 'N003', 'NC107', 1, 4950, 5500, 5.1, 25245, 28050, '2025-01-28 08:28:58', '2025-01-28 08:28:58'),
(701, 8, '21k', 'N004', 'NC108', 1, 4950, 5500, 5.4, 26730, 29700, '2025-01-28 08:29:47', '2025-01-28 08:29:47'),
(702, 8, '21k', 'N005', 'NC109', 1, 4950, 5500, 3.98, 19701, 21890, '2025-01-28 08:31:00', '2025-01-28 08:31:00'),
(703, 8, '21k', 'N006', 'NC110', 1, 4950, 5500, 5.34, 26433, 29370, '2025-01-28 08:34:47', '2025-01-28 08:34:47'),
(704, 8, '21k', 'N007', 'NC111', 1, 4950, 5500, 2.98, 14751, 16390, '2025-01-28 08:35:50', '2025-01-28 08:35:50'),
(705, 8, '21k', 'J003', 'JTR119', 1, 4950, 5500, 3.2, 15840, 17600, '2025-01-28 08:38:24', '2025-01-28 08:38:24'),
(706, 8, '21k', 'J004', 'JTR120', 1, 4950, 5500, 3.3, 16335, 18150, '2025-01-28 08:39:07', '2025-01-28 08:39:07'),
(707, 8, '21k', 'J005', 'JTR121', 1, 4950, 5500, 2.6, 12870, 14300, '2025-01-28 08:39:51', '2025-01-28 08:39:51'),
(708, 8, '21k', 'J006', 'JTR122', 1, 4950, 5500, 2.4, 11880, 13200, '2025-01-28 08:40:45', '2025-01-28 08:40:45'),
(709, 8, '21k', 'J007', 'JTR123', 1, 4950, 5500, 2.8, 13860, 15400, '2025-01-28 08:41:26', '2025-01-28 08:41:26'),
(710, 8, '21k', 'J008', 'JTR124', 1, 4950, 5500, 2.1, 10395, 11550, '2025-01-28 08:42:00', '2025-01-28 08:42:00'),
(711, 8, '21k', 'J009', 'JTR125', 1, 4950, 5500, 2, 9900, 11000, '2025-01-28 08:43:04', '2025-01-28 08:43:04'),
(712, 8, '21k', 'J010', 'JTR126', 1, 4950, 5500, 1.5, 7425, 8250, '2025-01-28 08:43:52', '2025-01-28 08:43:52'),
(713, 8, '21k', 'J011', 'JTR127', 1, 4950, 5500, 1.6, 7920, 8800, '2025-01-28 08:44:32', '2025-01-28 08:44:32'),
(714, 8, '21k', 'J012', 'JTR128', 1, 4950, 5500, 1.5, 7425, 8250, '2025-01-28 08:45:04', '2025-01-28 08:45:04'),
(715, 8, '21k', 'J013', 'JTR129', 1, 4950, 5500, 1.5, 7425, 8250, '2025-01-28 08:45:58', '2025-01-28 08:45:58'),
(716, 8, '18k', 'L005', 'LE14', 1, 4450, 5000, 2.1, 9345, 10500, '2025-01-28 08:47:59', '2025-01-28 08:47:59'),
(717, 8, '18k', 'L006', 'LE15', 1, 4450, 5000, 1.6, 7120, 8000, '2025-01-28 08:48:32', '2025-01-28 08:48:32'),
(718, 8, '18k', 'L007', 'LE16', 1, 4450, 5000, 0.9, 4005, 4500, '2025-01-28 08:49:16', '2025-01-28 08:49:16'),
(719, 8, '18k', 'L008', 'LE17', 1, 4450, 5000, 1, 4450, 5000, '2025-01-28 08:49:47', '2025-01-28 08:49:47'),
(720, 8, '18k', 'L009', 'LE18', 1, 4450, 5000, 1.2, 5340, 6000, '2025-01-28 08:50:20', '2025-01-28 08:50:20'),
(721, 8, '18k', 'L010', 'LE19', 1, 4450, 5000, 1.2, 5340, 6000, '2025-01-28 08:51:18', '2025-01-28 08:51:18'),
(722, 8, '18k', 'L011', 'LE20', 1, 4450, 5000, 1.1, 4895, 5500, '2025-01-28 08:51:50', '2025-01-28 08:51:50'),
(723, 8, '18k', 'L012', 'LE21', 1, 4450, 5000, 0.9, 4005, 4500, '2025-01-28 08:52:25', '2025-01-28 08:52:25'),
(724, 8, '18k', 'L013', 'LE22', 1, 4450, 5000, 2.4, 10680, 12000, '2025-01-28 08:54:30', '2025-01-28 08:54:30'),
(725, 8, '22k', 'A010', 'ABR 85', 1, 4650, 6000, 4.6, 21390, 27600, '2025-02-01 12:18:30', '2025-02-01 12:18:30');

-- --------------------------------------------------------

--
-- Table structure for table `productsales`
--

CREATE TABLE `productsales` (
  `id` bigint(20) UNSIGNED NOT NULL,
  `sales_id` bigint(20) UNSIGNED NOT NULL,
  `account` varchar(255) NOT NULL,
  `productcode` varchar(255) NOT NULL,
  `productname` varchar(225) NOT NULL,
  `cost` decimal(10,0) NOT NULL,
  `price` decimal(8,2) NOT NULL,
  `grams` double NOT NULL,
  `qty` int(11) NOT NULL,
  `total_cost` decimal(8,2) NOT NULL,
  `net_sale` decimal(8,2) NOT NULL,
  `created_at` timestamp NULL DEFAULT NULL,
  `updated_at` timestamp NULL DEFAULT NULL
) ENGINE=InnoDB DEFAULT CHARSET=utf8mb4 COLLATE=utf8mb4_unicode_ci;

--
-- Dumping data for table `productsales`
--

INSERT INTO `productsales` (`id`, `sales_id`, `account`, `productcode`, `productname`, `cost`, `price`, `grams`, `qty`, `total_cost`, `net_sale`, `created_at`, `updated_at`) VALUES
(176, 161, 'aj', 'R002', 'Ring 21k', 8820, 9900.00, 1.8, 1, 9900.00, 1080.00, '2025-02-02 14:19:07', '2025-02-02 14:19:07'),
(177, 161, 'aj', 'R003', 'Ring 21k', 8330, 9350.00, 1.7, 1, 9350.00, 1020.00, '2025-02-02 14:19:07', '2025-02-02 14:19:07');

-- --------------------------------------------------------

--
-- Table structure for table `sales`
--

CREATE TABLE `sales` (
  `id` bigint(20) UNSIGNED NOT NULL,
  `total` decimal(8,2) NOT NULL,
  `pay` decimal(8,2) NOT NULL,
  `balance` decimal(8,2) NOT NULL,
  `created_at` timestamp NULL DEFAULT NULL,
  `updated_at` timestamp NULL DEFAULT NULL
) ENGINE=InnoDB DEFAULT CHARSET=utf8mb4 COLLATE=utf8mb4_unicode_ci;

--
-- Dumping data for table `sales`
--

INSERT INTO `sales` (`id`, `total`, `pay`, `balance`, `created_at`, `updated_at`) VALUES
(121, 14000.00, 14000.00, 0.00, '2025-01-15 12:41:28', '2025-01-15 12:41:28'),
(122, 7700.00, 7700.00, 0.00, '2025-01-16 11:01:47', '2025-01-16 11:01:47'),
(123, 22000.00, 22000.00, 0.00, '2025-01-16 11:03:16', '2025-01-16 11:03:16'),
(124, 14570.00, 14570.00, 0.00, '2025-01-16 13:58:06', '2025-01-16 13:58:06'),
(125, 9830.00, 9830.00, 0.00, '2025-01-17 12:30:35', '2025-01-17 12:30:35'),
(126, 40600.00, 40600.00, 0.00, '2025-01-18 09:22:59', '2025-01-18 09:22:59'),
(127, 6600.00, 6600.00, 0.00, '2025-01-18 12:20:33', '2025-01-18 12:20:33'),
(128, 6600.00, 6600.00, 0.00, '2025-01-18 13:28:26', '2025-01-18 13:28:26'),
(129, 3180.00, 3180.00, 0.00, '2025-01-19 10:57:49', '2025-01-19 10:57:49'),
(130, 7000.00, 7000.00, 0.00, '2025-01-19 13:57:15', '2025-01-19 13:57:15'),
(131, 39750.00, 39750.00, 0.00, '2025-01-20 14:41:44', '2025-01-20 14:41:44'),
(132, 6500.00, 6500.00, 0.00, '2025-01-23 05:59:43', '2025-01-23 05:59:43'),
(133, 6000.00, 6000.00, 0.00, '2025-01-23 09:08:03', '2025-01-23 09:08:03'),
(134, 7930.00, 7930.00, 0.00, '2025-01-23 13:56:09', '2025-01-23 13:56:09'),
(135, 15400.00, 15400.00, 0.00, '2025-01-23 14:09:56', '2025-01-23 14:09:56'),
(136, 7300.00, 7300.00, 0.00, '2025-01-23 14:17:41', '2025-01-23 14:17:41'),
(137, 6000.00, 6000.00, 0.00, '2025-01-24 13:15:14', '2025-01-24 13:15:14'),
(138, 12000.00, 12000.00, 0.00, '2025-01-24 14:15:06', '2025-01-24 14:15:06'),
(139, 12000.00, 12000.00, 0.00, '2025-01-24 14:15:06', '2025-01-24 14:15:06'),
(140, 28800.00, 28800.00, 0.00, '2025-01-25 05:41:34', '2025-01-25 05:41:34'),
(141, 7905.00, 7905.00, 0.00, '2025-01-25 13:34:35', '2025-01-25 13:34:35'),
(142, 8500.00, 8500.00, 0.00, '2025-01-26 11:23:19', '2025-01-26 11:23:19'),
(143, 6000.00, 6000.00, 0.00, '2025-01-26 14:30:37', '2025-01-26 14:30:37'),
(144, 7700.00, 7700.00, 0.00, '2025-01-26 14:33:41', '2025-01-26 14:33:41'),
(145, 14790.00, 14790.00, 0.00, '2025-01-26 14:35:09', '2025-01-26 14:35:09'),
(146, 51920.00, 51920.00, 0.00, '2025-01-27 07:30:30', '2025-01-27 07:30:30'),
(147, 104995.00, 104995.00, 0.00, '2025-01-27 07:31:23', '2025-01-27 07:31:23'),
(148, 10240.00, 10240.00, 0.00, '2025-01-27 13:41:29', '2025-01-27 13:41:29'),
(149, 35600.00, 35600.00, 0.00, '2025-01-28 06:04:49', '2025-01-28 06:04:49'),
(150, 7000.00, 7000.00, 0.00, '2025-01-28 07:03:38', '2025-01-28 07:03:38'),
(151, 9000.00, 9000.00, 0.00, '2025-01-29 05:20:37', '2025-01-29 05:20:37'),
(152, 12100.00, 12100.00, 0.00, '2025-01-29 05:21:34', '2025-01-29 05:21:34'),
(153, 5000.00, 5000.00, 0.00, '2025-01-29 08:10:23', '2025-01-29 08:10:23'),
(154, 7200.00, 7200.00, 0.00, '2025-01-29 10:58:16', '2025-01-29 10:58:16'),
(155, 18000.00, 18000.00, 0.00, '2025-01-30 07:40:00', '2025-01-30 07:40:00'),
(156, 8400.00, 8400.00, 0.00, '2025-01-30 08:13:10', '2025-01-30 08:13:10'),
(157, 18000.00, 18000.00, 0.00, '2025-01-30 12:22:15', '2025-01-30 12:22:15'),
(158, 7200.00, 7200.00, 0.00, '2025-01-31 13:36:00', '2025-01-31 13:36:00'),
(159, 7800.00, 7800.00, 0.00, '2025-01-31 13:36:48', '2025-01-31 13:36:48'),
(160, 8500.00, 8500.00, 0.00, '2025-01-31 14:21:34', '2025-01-31 14:21:34'),
(161, 19250.00, 19250.00, 0.00, '2025-02-02 14:19:07', '2025-02-02 14:19:07');

-- --------------------------------------------------------

--
-- Table structure for table `sessions`
--

CREATE TABLE `sessions` (
  `id` varchar(255) NOT NULL,
  `user_id` bigint(20) UNSIGNED DEFAULT NULL,
  `ip_address` varchar(45) DEFAULT NULL,
  `user_agent` text DEFAULT NULL,
  `payload` longtext NOT NULL,
  `last_activity` int(11) NOT NULL
) ENGINE=InnoDB DEFAULT CHARSET=utf8mb4 COLLATE=utf8mb4_unicode_ci;

--
-- Dumping data for table `sessions`
--

INSERT INTO `sessions` (`id`, `user_id`, `ip_address`, `user_agent`, `payload`, `last_activity`) VALUES
('1vdjd8GbPGWqmdC3grvkcwxyRqM61l8MlkvgTxbj', 12, '127.0.0.1', 'Mozilla/5.0 (Windows NT 10.0; Win64; x64) AppleWebKit/537.36 (KHTML, like Gecko) Chrome/132.0.0.0 Safari/537.36', 'YTo0OntzOjY6Il90b2tlbiI7czo0MDoiMHJxOTRxVlJ2ckVkTGppZmVZYlhvU282aHRGd1I1TGVRek00VDBDaCI7czo5OiJfcHJldmlvdXMiO2E6MTp7czozOiJ1cmwiO3M6Mzk6Imh0dHA6Ly8xMjcuMC4wLjE6ODAwMC9ob21lL3RyYW5zYWN0aW9ucyI7fXM6NjoiX2ZsYXNoIjthOjI6e3M6Mzoib2xkIjthOjA6e31zOjM6Im5ldyI7YTowOnt9fXM6NTA6ImxvZ2luX3dlYl81OWJhMzZhZGRjMmIyZjk0MDE1ODBmMDE0YzdmNThlYTRlMzA5ODlkIjtpOjEyO30=', 1741148193),
('7N24JZ6mTAjCUjjyXhzACDMR847RKUWNYHYdYcev', 2, '127.0.0.1', 'Mozilla/5.0 (Windows NT 10.0; Win64; x64) AppleWebKit/537.36 (KHTML, like Gecko) Chrome/134.0.0.0 Safari/537.36', 'YTo0OntzOjY6Il90b2tlbiI7czo0MDoiVXNLWXE1NGtGUU5xVkN0M2xkOGZpUUlMUDhlcHVPQmZvRzBPT2dSZyI7czo5OiJfcHJldmlvdXMiO2E6MTp7czozOiJ1cmwiO3M6NDM6Imh0dHA6Ly8xMjcuMC4wLjE6ODAwMC9hZG1pbi9sYXlhd2F5L2VkaXQvMTkiO31zOjY6Il9mbGFzaCI7YToyOntzOjM6Im9sZCI7YTowOnt9czozOiJuZXciO2E6MDp7fX1zOjUwOiJsb2dpbl93ZWJfNTliYTM2YWRkYzJiMmY5NDAxNTgwZjAxNGM3ZjU4ZWE0ZTMwOTg5ZCI7aToyO30=', 1741591541),
('93dxjmIrUg1whQOOoJRAmSNRAKIEoiLu68BMIxbl', 2, '127.0.0.1', 'Mozilla/5.0 (Windows NT 10.0; Win64; x64) AppleWebKit/537.36 (KHTML, like Gecko) Chrome/133.0.0.0 Safari/537.36', 'YTo0OntzOjk6Il9wcmV2aW91cyI7YToxOntzOjM6InVybCI7czo0MjoiaHR0cDovLzEyNy4wLjAuMTo4MDAwL2FkbWluL21vZGFsLXBhc3N3b3JkIjt9czo2OiJfZmxhc2giO2E6Mjp7czozOiJvbGQiO2E6MDp7fXM6MzoibmV3IjthOjA6e319czo2OiJfdG9rZW4iO3M6NDA6IjJkTGMxVlNqRTF4NDZxN244QnJ2VnVDUnN6R1RJS3dIaUdHV005aVkiO3M6NTA6ImxvZ2luX3dlYl81OWJhMzZhZGRjMmIyZjk0MDE1ODBmMDE0YzdmNThlYTRlMzA5ODlkIjtpOjI7fQ==', 1740737831),
('BrHGyy8ebCqDu6WIkfSJs0pAwQNyZl9f6n0ZVkmU', 12, '127.0.0.1', 'Mozilla/5.0 (Windows NT 10.0; Win64; x64) AppleWebKit/537.36 (KHTML, like Gecko) Chrome/132.0.0.0 Safari/537.36', 'YTo0OntzOjY6Il90b2tlbiI7czo0MDoiN3hDbDdqdVFRdTlPU29GeUNUclo3VDNmcHNjcGxIZk1jb0Y2Z0VseiI7czo5OiJfcHJldmlvdXMiO2E6MTp7czozOiJ1cmwiO3M6MzQ6Imh0dHA6Ly8xMjcuMC4wLjE6ODAwMC9ob21lL2xheWF3YXkiO31zOjY6Il9mbGFzaCI7YToyOntzOjM6Im9sZCI7YTowOnt9czozOiJuZXciO2E6MDp7fX1zOjUwOiJsb2dpbl93ZWJfNTliYTM2YWRkYzJiMmY5NDAxNTgwZjAxNGM3ZjU4ZWE0ZTMwOTg5ZCI7aToxMjt9', 1741149472),
('NoCqZjtHWNaCtdmzhDtLkT3G9VI7dp1oVSqLkDRD', 12, '127.0.0.1', 'Mozilla/5.0 (Windows NT 10.0; Win64; x64) AppleWebKit/537.36 (KHTML, like Gecko) Chrome/133.0.0.0 Safari/537.36', 'YTo0OntzOjk6Il9wcmV2aW91cyI7YToxOntzOjM6InVybCI7czozNDoiaHR0cDovLzEyNy4wLjAuMTo4MDAwL2hvbWUvbGF5YXdheSI7fXM6NjoiX2ZsYXNoIjthOjI6e3M6Mzoib2xkIjthOjA6e31zOjM6Im5ldyI7YTowOnt9fXM6NjoiX3Rva2VuIjtzOjQwOiJGQ2xVSVI0elV1MWFWaDNCQmZvTTZOcVJGSmt1QWtTMnJMWU4zamNLIjtzOjUwOiJsb2dpbl93ZWJfNTliYTM2YWRkYzJiMmY5NDAxNTgwZjAxNGM3ZjU4ZWE0ZTMwOTg5ZCI7aToxMjt9', 1740973026);

-- --------------------------------------------------------

--
-- Table structure for table `suppliers`
--

CREATE TABLE `suppliers` (
  `id` bigint(20) UNSIGNED NOT NULL,
  `supplier_fullname` varchar(255) NOT NULL,
  `status` tinyint(1) NOT NULL DEFAULT 0,
  `created_at` timestamp NULL DEFAULT NULL,
  `updated_at` timestamp NULL DEFAULT NULL
) ENGINE=InnoDB DEFAULT CHARSET=utf8mb4 COLLATE=utf8mb4_unicode_ci;

--
-- Dumping data for table `suppliers`
--

INSERT INTO `suppliers` (`id`, `supplier_fullname`, `status`, `created_at`, `updated_at`) VALUES
(8, 'Jona', 1, '2025-01-07 13:27:54', '2025-01-07 13:27:54'),
(9, 'Allen', 2, '2025-01-07 13:27:54', '2025-01-07 13:27:54');

-- --------------------------------------------------------

--
-- Table structure for table `users`
--

CREATE TABLE `users` (
  `id` bigint(20) UNSIGNED NOT NULL,
  `name` varchar(255) NOT NULL,
  `email` varchar(255) NOT NULL,
  `email_verified_at` timestamp NULL DEFAULT NULL,
  `password` varchar(255) NOT NULL,
  `type` varchar(255) NOT NULL DEFAULT '0',
  `remember_token` varchar(100) DEFAULT NULL,
  `created_at` timestamp NULL DEFAULT NULL,
  `updated_at` timestamp NULL DEFAULT NULL
) ENGINE=InnoDB DEFAULT CHARSET=utf8mb4 COLLATE=utf8mb4_unicode_ci;

--
-- Dumping data for table `users`
--

INSERT INTO `users` (`id`, `name`, `email`, `email_verified_at`, `password`, `type`, `remember_token`, `created_at`, `updated_at`) VALUES
(2, 'Gang', 'admin@gmail.com', NULL, '$2y$12$gu5Nqr/caU1fdwSGPL/oRO1fMeCMVaLM2Tz/MU08FCCen5h1Sp0wO', '1', NULL, '2025-01-01 20:03:54', '2025-01-01 20:03:54'),
(12, 'aj', 'aj@gmail.com', NULL, '$2y$12$lh0wC4t847Tj7v8O1LvSbOqTb2sXXDkQvMc7wWGojvmFWxhtBuheS', '0', NULL, '2025-01-02 19:11:03', '2025-01-02 19:11:03'),
(15, 'Gang', 'as@gmail.com', NULL, '$2y$12$mupt6V3DS2HwjhbdOuutgOHH0zHSL8/ynJeAj6RGzA0aYHyfrwWhO', '0', NULL, '2025-01-03 17:58:48', '2025-01-03 17:58:48');

--
-- Indexes for dumped tables
--

--
-- Indexes for table `cache`
--
ALTER TABLE `cache`
  ADD PRIMARY KEY (`key`);

--
-- Indexes for table `cache_locks`
--
ALTER TABLE `cache_locks`
  ADD PRIMARY KEY (`key`);

--
-- Indexes for table `categories`
--
ALTER TABLE `categories`
  ADD PRIMARY KEY (`id`);

--
-- Indexes for table `customerpayment`
--
ALTER TABLE `customerpayment`
  ADD PRIMARY KEY (`id`),
  ADD KEY `customerpayment_layaway_id_foreign` (`layaway_id`);

--
-- Indexes for table `customerstorage`
--
ALTER TABLE `customerstorage`
  ADD PRIMARY KEY (`id`),
  ADD KEY `customerstorage_layaway_id_foreign` (`layaway_id`);

--
-- Indexes for table `customer_layaway_info`
--
ALTER TABLE `customer_layaway_info`
  ADD PRIMARY KEY (`id`);

--
-- Indexes for table `editlayawaycode`
--
ALTER TABLE `editlayawaycode`
  ADD PRIMARY KEY (`id`);

--
-- Indexes for table `expenses`
--
ALTER TABLE `expenses`
  ADD PRIMARY KEY (`id`);

--
-- Indexes for table `failed_jobs`
--
ALTER TABLE `failed_jobs`
  ADD PRIMARY KEY (`id`),
  ADD UNIQUE KEY `failed_jobs_uuid_unique` (`uuid`);

--
-- Indexes for table `gold`
--
ALTER TABLE `gold`
  ADD PRIMARY KEY (`id`);

--
-- Indexes for table `jobs`
--
ALTER TABLE `jobs`
  ADD PRIMARY KEY (`id`),
  ADD KEY `jobs_queue_index` (`queue`);

--
-- Indexes for table `job_batches`
--
ALTER TABLE `job_batches`
  ADD PRIMARY KEY (`id`);

--
-- Indexes for table `layaway`
--
ALTER TABLE `layaway`
  ADD PRIMARY KEY (`id`);

--
-- Indexes for table `migrations`
--
ALTER TABLE `migrations`
  ADD PRIMARY KEY (`id`);

--
-- Indexes for table `password_reset_tokens`
--
ALTER TABLE `password_reset_tokens`
  ADD PRIMARY KEY (`email`);

--
-- Indexes for table `producthistory`
--
ALTER TABLE `producthistory`
  ADD PRIMARY KEY (`id`),
  ADD KEY `producthistory_product_id_foreign` (`product_id`),
  ADD KEY `producthistory_supplier_id_foreign` (`supplier_id`);

--
-- Indexes for table `products`
--
ALTER TABLE `products`
  ADD PRIMARY KEY (`id`),
  ADD KEY `products_supplier_id_foreign` (`supplier_id`);

--
-- Indexes for table `productsales`
--
ALTER TABLE `productsales`
  ADD PRIMARY KEY (`id`),
  ADD KEY `productsales_sales_id_foreign` (`sales_id`);

--
-- Indexes for table `sales`
--
ALTER TABLE `sales`
  ADD PRIMARY KEY (`id`);

--
-- Indexes for table `sessions`
--
ALTER TABLE `sessions`
  ADD PRIMARY KEY (`id`),
  ADD KEY `sessions_user_id_index` (`user_id`),
  ADD KEY `sessions_last_activity_index` (`last_activity`);

--
-- Indexes for table `suppliers`
--
ALTER TABLE `suppliers`
  ADD PRIMARY KEY (`id`);

--
-- Indexes for table `users`
--
ALTER TABLE `users`
  ADD PRIMARY KEY (`id`),
  ADD UNIQUE KEY `users_email_unique` (`email`);

--
-- AUTO_INCREMENT for dumped tables
--

--
-- AUTO_INCREMENT for table `categories`
--
ALTER TABLE `categories`
  MODIFY `id` bigint(20) UNSIGNED NOT NULL AUTO_INCREMENT, AUTO_INCREMENT=2;

--
-- AUTO_INCREMENT for table `customerpayment`
--
ALTER TABLE `customerpayment`
  MODIFY `id` bigint(20) UNSIGNED NOT NULL AUTO_INCREMENT, AUTO_INCREMENT=50;

--
-- AUTO_INCREMENT for table `customerstorage`
--
ALTER TABLE `customerstorage`
  MODIFY `id` bigint(20) UNSIGNED NOT NULL AUTO_INCREMENT, AUTO_INCREMENT=20;

--
-- AUTO_INCREMENT for table `customer_layaway_info`
--
ALTER TABLE `customer_layaway_info`
  MODIFY `id` bigint(20) UNSIGNED NOT NULL AUTO_INCREMENT, AUTO_INCREMENT=20;

--
-- AUTO_INCREMENT for table `editlayawaycode`
--
ALTER TABLE `editlayawaycode`
  MODIFY `id` bigint(20) UNSIGNED NOT NULL AUTO_INCREMENT, AUTO_INCREMENT=6;

--
-- AUTO_INCREMENT for table `expenses`
--
ALTER TABLE `expenses`
  MODIFY `id` bigint(20) UNSIGNED NOT NULL AUTO_INCREMENT, AUTO_INCREMENT=20;

--
-- AUTO_INCREMENT for table `failed_jobs`
--
ALTER TABLE `failed_jobs`
  MODIFY `id` bigint(20) UNSIGNED NOT NULL AUTO_INCREMENT;

--
-- AUTO_INCREMENT for table `gold`
--
ALTER TABLE `gold`
  MODIFY `id` bigint(20) UNSIGNED NOT NULL AUTO_INCREMENT, AUTO_INCREMENT=6;

--
-- AUTO_INCREMENT for table `jobs`
--
ALTER TABLE `jobs`
  MODIFY `id` bigint(20) UNSIGNED NOT NULL AUTO_INCREMENT;

--
-- AUTO_INCREMENT for table `layaway`
--
ALTER TABLE `layaway`
  MODIFY `id` bigint(20) UNSIGNED NOT NULL AUTO_INCREMENT, AUTO_INCREMENT=10;

--
-- AUTO_INCREMENT for table `migrations`
--
ALTER TABLE `migrations`
  MODIFY `id` int(10) UNSIGNED NOT NULL AUTO_INCREMENT, AUTO_INCREMENT=40;

--
-- AUTO_INCREMENT for table `producthistory`
--
ALTER TABLE `producthistory`
  MODIFY `id` bigint(20) UNSIGNED NOT NULL AUTO_INCREMENT, AUTO_INCREMENT=44;

--
-- AUTO_INCREMENT for table `products`
--
ALTER TABLE `products`
  MODIFY `id` bigint(20) UNSIGNED NOT NULL AUTO_INCREMENT, AUTO_INCREMENT=729;

--
-- AUTO_INCREMENT for table `productsales`
--
ALTER TABLE `productsales`
  MODIFY `id` bigint(20) UNSIGNED NOT NULL AUTO_INCREMENT, AUTO_INCREMENT=178;

--
-- AUTO_INCREMENT for table `sales`
--
ALTER TABLE `sales`
  MODIFY `id` bigint(20) UNSIGNED NOT NULL AUTO_INCREMENT, AUTO_INCREMENT=162;

--
-- AUTO_INCREMENT for table `suppliers`
--
ALTER TABLE `suppliers`
  MODIFY `id` bigint(20) UNSIGNED NOT NULL AUTO_INCREMENT, AUTO_INCREMENT=10;

--
-- AUTO_INCREMENT for table `users`
--
ALTER TABLE `users`
  MODIFY `id` bigint(20) UNSIGNED NOT NULL AUTO_INCREMENT, AUTO_INCREMENT=17;

--
-- Constraints for dumped tables
--

--
-- Constraints for table `customerpayment`
--
ALTER TABLE `customerpayment`
  ADD CONSTRAINT `customerpayment_layaway_id_foreign` FOREIGN KEY (`layaway_id`) REFERENCES `customer_layaway_info` (`id`) ON DELETE CASCADE;

--
-- Constraints for table `customerstorage`
--
ALTER TABLE `customerstorage`
  ADD CONSTRAINT `customerstorage_layaway_id_foreign` FOREIGN KEY (`layaway_id`) REFERENCES `customer_layaway_info` (`id`) ON DELETE CASCADE;

--
-- Constraints for table `producthistory`
--
ALTER TABLE `producthistory`
  ADD CONSTRAINT `producthistory_product_id_foreign` FOREIGN KEY (`product_id`) REFERENCES `products` (`id`) ON DELETE CASCADE,
  ADD CONSTRAINT `producthistory_supplier_id_foreign` FOREIGN KEY (`supplier_id`) REFERENCES `suppliers` (`id`) ON DELETE CASCADE;

--
-- Constraints for table `products`
--
ALTER TABLE `products`
  ADD CONSTRAINT `products_supplier_id_foreign` FOREIGN KEY (`supplier_id`) REFERENCES `suppliers` (`id`) ON DELETE CASCADE;

--
-- Constraints for table `productsales`
--
ALTER TABLE `productsales`
  ADD CONSTRAINT `productsales_sales_id_foreign` FOREIGN KEY (`sales_id`) REFERENCES `sales` (`id`) ON DELETE CASCADE;
COMMIT;

/*!40101 SET CHARACTER_SET_CLIENT=@OLD_CHARACTER_SET_CLIENT */;
/*!40101 SET CHARACTER_SET_RESULTS=@OLD_CHARACTER_SET_RESULTS */;
/*!40101 SET COLLATION_CONNECTION=@OLD_COLLATION_CONNECTION */;
